region,hour_start,origin,baseline_source,energy_kwh,baseline_pred,error
Region 1,2026-09-22 00:00:00+02:00,2026-09-22 00:00:00+02:00,2026-09-21 00:00:00+02:00,435.58985219000056,441.86916802999934,6.279315839998787
Region 1,2026-09-22 01:00:00+02:00,2026-09-22 00:00:00+02:00,2026-09-21 01:00:00+02:00,438.89247573999967,435.3740519199995,-3.51842382000018
Region 1,2026-09-22 02:00:00+02:00,2026-09-22 00:00:00+02:00,2026-09-21 02:00:00+02:00,437.37528477000023,432.51032515999964,-4.8649596100005965
Region 1,2026-09-22 03:00:00+02:00,2026-09-22 00:00:00+02:00,2026-09-21 03:00:00+02:00,447.8441212299999,443.20557573000053,-4.638545499999395
Region 1,2026-09-22 04:00:00+02:00,2026-09-22 00:00:00+02:00,2026-09-21 04:00:00+02:00,463.1968107699994,468.37956520000006,5.182754430000671
Region 1,2026-09-22 05:00:00+02:00,2026-09-22 00:00:00+02:00,2026-09-21 05:00:00+02:00,509.5266800900006,515.6008734400008,6.0741933500002006
Region 1,2026-09-22 06:00:00+02:00,2026-09-22 00:00:00+02:00,2026-09-21 06:00:00+02:00,586.3749577799999,587.6156203500004,1.2406625700004952
Region 1,2026-09-22 07:00:00+02:00,2026-09-22 00:00:00+02:00,2026-09-21 07:00:00+02:00,645.0639620299997,645.1286170999988,0.06465506999904846
Region 1,2026-09-22 08:00:00+02:00,2026-09-22 00:00:00+02:00,2026-09-21 08:00:00+02:00,672.8847110800008,676.418680660002,3.5339695800012123
Region 1,2026-09-22 09:00:00+02:00,2026-09-22 00:00:00+02:00,2026-09-21 09:00:00+02:00,698.8127233799996,687.0543049900003,-11.758418389999292
Region 1,2026-09-22 10:00:00+02:00,2026-09-22 00:00:00+02:00,2026-09-21 10:00:00+02:00,718.3647868700003,725.4749946500011,7.110207780000792
Region 1,2026-09-22 11:00:00+02:00,2026-09-22 00:00:00+02:00,2026-09-21 11:00:00+02:00,774.7033772799999,769.6209158400003,-5.0824614399996335
Region 1,2026-09-22 12:00:00+02:00,2026-09-22 00:00:00+02:00,2026-09-21 12:00:00+02:00,813.9957417899986,800.7099337199999,-13.28580806999878
Region 1,2026-09-22 13:00:00+02:00,2026-09-22 00:00:00+02:00,2026-09-21 13:00:00+02:00,818.25894263,813.3087885599999,-4.950154070000053
Region 1,2026-09-22 14:00:00+02:00,2026-09-22 00:00:00+02:00,2026-09-21 14:00:00+02:00,798.7347105400008,787.8980987500003,-10.836611790000575
Region 1,2026-09-22 15:00:00+02:00,2026-09-22 00:00:00+02:00,2026-09-21 15:00:00+02:00,751.4021878699989,752.3145873699989,0.9123994999999923
Region 1,2026-09-22 16:00:00+02:00,2026-09-22 00:00:00+02:00,2026-09-21 16:00:00+02:00,737.2826791499998,730.6242061099989,-6.658473040000899
Region 1,2026-09-22 17:00:00+02:00,2026-09-22 00:00:00+02:00,2026-09-21 17:00:00+02:00,723.8932953800002,712.5146733800016,-11.378621999998586
Region 1,2026-09-22 18:00:00+02:00,2026-09-22 00:00:00+02:00,2026-09-21 18:00:00+02:00,714.1709416099999,706.7498271200008,-7.421114489999127
Region 1,2026-09-22 19:00:00+02:00,2026-09-22 00:00:00+02:00,2026-09-21 19:00:00+02:00,686.2325196400011,684.0045308499992,-2.2279887900018593
Region 1,2026-09-22 20:00:00+02:00,2026-09-22 00:00:00+02:00,2026-09-21 20:00:00+02:00,627.0708452900004,623.8278429799997,-3.2430023100007475
Region 1,2026-09-22 21:00:00+02:00,2026-09-22 00:00:00+02:00,2026-09-21 21:00:00+02:00,554.2035371799999,547.8580274200002,-6.345509759999686
Region 1,2026-09-22 22:00:00+02:00,2026-09-22 00:00:00+02:00,2026-09-21 22:00:00+02:00,492.55662139999987,495.8797412699999,3.3231198700000277
Region 1,2026-09-22 23:00:00+02:00,2026-09-22 00:00:00+02:00,2026-09-21 23:00:00+02:00,462.1569204499996,453.36678101000024,-8.790139439999336
Region 1,2026-09-23 00:00:00+02:00,2026-09-23 00:00:00+02:00,2026-09-22 00:00:00+02:00,435.25154363000115,435.58985219000056,0.3383085599994047
Region 1,2026-09-23 01:00:00+02:00,2026-09-23 00:00:00+02:00,2026-09-22 01:00:00+02:00,430.00477071000023,438.89247573999967,8.887705029999438
Region 1,2026-09-23 02:00:00+02:00,2026-09-23 00:00:00+02:00,2026-09-22 02:00:00+02:00,434.82615742000047,437.37528477000023,2.5491273499997646
Region 1,2026-09-23 03:00:00+02:00,2026-09-23 00:00:00+02:00,2026-09-22 03:00:00+02:00,453.65336306000034,447.8441212299999,-5.809241830000417
Region 1,2026-09-23 04:00:00+02:00,2026-09-23 00:00:00+02:00,2026-09-22 04:00:00+02:00,471.3841749399997,463.1968107699994,-8.187364170000308
Region 1,2026-09-23 05:00:00+02:00,2026-09-23 00:00:00+02:00,2026-09-22 05:00:00+02:00,516.4842015600004,509.5266800900006,-6.957521469999847
Region 1,2026-09-23 06:00:00+02:00,2026-09-23 00:00:00+02:00,2026-09-22 06:00:00+02:00,585.9311868600003,586.3749577799999,0.4437709199996789
Region 1,2026-09-23 07:00:00+02:00,2026-09-23 00:00:00+02:00,2026-09-22 07:00:00+02:00,649.8495637500005,645.0639620299997,-4.785601720000727
Region 1,2026-09-23 08:00:00+02:00,2026-09-23 00:00:00+02:00,2026-09-22 08:00:00+02:00,681.3201622700007,672.8847110800008,-8.435451189999867
Region 1,2026-09-23 09:00:00+02:00,2026-09-23 00:00:00+02:00,2026-09-22 09:00:00+02:00,701.9714433399996,698.8127233799996,-3.158719959999985
Region 1,2026-09-23 10:00:00+02:00,2026-09-23 00:00:00+02:00,2026-09-22 10:00:00+02:00,725.935540369999,718.3647868700003,-7.570753499998659
Region 1,2026-09-23 11:00:00+02:00,2026-09-23 00:00:00+02:00,2026-09-22 11:00:00+02:00,778.7526578199995,774.7033772799999,-4.049280539999586
Region 1,2026-09-23 12:00:00+02:00,2026-09-23 00:00:00+02:00,2026-09-22 12:00:00+02:00,807.1008236300006,813.9957417899986,6.894918159998042
Region 1,2026-09-23 13:00:00+02:00,2026-09-23 00:00:00+02:00,2026-09-22 13:00:00+02:00,820.5464516299994,818.25894263,-2.2875089999994316
Region 1,2026-09-23 14:00:00+02:00,2026-09-23 00:00:00+02:00,2026-09-22 14:00:00+02:00,795.0749488400008,798.7347105400008,3.65976169999999
Region 1,2026-09-23 15:00:00+02:00,2026-09-23 00:00:00+02:00,2026-09-22 15:00:00+02:00,764.6654874100009,751.4021878699989,-13.26329954000198
Region 1,2026-09-23 16:00:00+02:00,2026-09-23 00:00:00+02:00,2026-09-22 16:00:00+02:00,736.77215824,737.2826791499998,0.5105209099998547
Region 1,2026-09-23 17:00:00+02:00,2026-09-23 00:00:00+02:00,2026-09-22 17:00:00+02:00,724.2298983999997,723.8932953800002,-0.33660301999952935
Region 1,2026-09-23 18:00:00+02:00,2026-09-23 00:00:00+02:00,2026-09-22 18:00:00+02:00,710.7418733199996,714.1709416099999,3.4290682900002594
Region 1,2026-09-23 19:00:00+02:00,2026-09-23 00:00:00+02:00,2026-09-22 19:00:00+02:00,687.3730992999992,686.2325196400011,-1.1405796599981386
Region 1,2026-09-23 20:00:00+02:00,2026-09-23 00:00:00+02:00,2026-09-22 20:00:00+02:00,626.4300030399992,627.0708452900004,0.6408422500012421
Region 1,2026-09-23 21:00:00+02:00,2026-09-23 00:00:00+02:00,2026-09-22 21:00:00+02:00,552.0929711099998,554.2035371799999,2.110566070000118
Region 1,2026-09-23 22:00:00+02:00,2026-09-23 00:00:00+02:00,2026-09-22 22:00:00+02:00,482.34371811000017,492.55662139999987,10.212903289999701
Region 1,2026-09-23 23:00:00+02:00,2026-09-23 00:00:00+02:00,2026-09-22 23:00:00+02:00,458.13202540999987,462.1569204499996,4.024895039999706
Region 1,2026-09-24 00:00:00+02:00,2026-09-24 00:00:00+02:00,2026-09-23 00:00:00+02:00,439.3139128800002,435.25154363000115,-4.062369249999051
Region 1,2026-09-24 01:00:00+02:00,2026-09-24 00:00:00+02:00,2026-09-23 01:00:00+02:00,430.56311164000016,430.00477071000023,-0.5583409299999289
Region 1,2026-09-24 02:00:00+02:00,2026-09-24 00:00:00+02:00,2026-09-23 02:00:00+02:00,450.44095765,434.82615742000047,-15.614800229999503
Region 1,2026-09-24 03:00:00+02:00,2026-09-24 00:00:00+02:00,2026-09-23 03:00:00+02:00,448.5670254199998,453.65336306000034,5.086337640000522
Region 1,2026-09-24 04:00:00+02:00,2026-09-24 00:00:00+02:00,2026-09-23 04:00:00+02:00,472.06393835,471.3841749399997,-0.6797634100003052
Region 1,2026-09-24 05:00:00+02:00,2026-09-24 00:00:00+02:00,2026-09-23 05:00:00+02:00,512.9564047900004,516.4842015600004,3.527796770000009
Region 1,2026-09-24 06:00:00+02:00,2026-09-24 00:00:00+02:00,2026-09-23 06:00:00+02:00,576.20416146,585.9311868600003,9.72702540000023
Region 1,2026-09-24 07:00:00+02:00,2026-09-24 00:00:00+02:00,2026-09-23 07:00:00+02:00,649.7263991800003,649.8495637500005,0.12316457000019909
Region 1,2026-09-24 08:00:00+02:00,2026-09-24 00:00:00+02:00,2026-09-23 08:00:00+02:00,678.7830097700014,681.3201622700007,2.5371524999992516
Region 1,2026-09-24 09:00:00+02:00,2026-09-24 00:00:00+02:00,2026-09-23 09:00:00+02:00,690.9365454200013,701.9714433399996,11.034897919998343
Region 1,2026-09-24 10:00:00+02:00,2026-09-24 00:00:00+02:00,2026-09-23 10:00:00+02:00,734.4248545800007,725.935540369999,-8.48931421000168
Region 1,2026-09-24 11:00:00+02:00,2026-09-24 00:00:00+02:00,2026-09-23 11:00:00+02:00,782.96419285,778.7526578199995,-4.211535030000505
Region 1,2026-09-24 12:00:00+02:00,2026-09-24 00:00:00+02:00,2026-09-23 12:00:00+02:00,817.2396645100001,807.1008236300006,-10.13884087999952
Region 1,2026-09-24 13:00:00+02:00,2026-09-24 00:00:00+02:00,2026-09-23 13:00:00+02:00,820.4643078699996,820.5464516299994,0.08214375999978074
Region 1,2026-09-24 14:00:00+02:00,2026-09-24 00:00:00+02:00,2026-09-23 14:00:00+02:00,798.2503805400006,795.0749488400008,-3.1754316999997627
Region 1,2026-09-24 15:00:00+02:00,2026-09-24 00:00:00+02:00,2026-09-23 15:00:00+02:00,761.1359532000006,764.6654874100009,3.5295342100002927
Region 1,2026-09-24 16:00:00+02:00,2026-09-24 00:00:00+02:00,2026-09-23 16:00:00+02:00,726.3151536000003,736.77215824,10.457004639999695
Region 1,2026-09-24 17:00:00+02:00,2026-09-24 00:00:00+02:00,2026-09-23 17:00:00+02:00,728.9606996500007,724.2298983999997,-4.730801250001036
Region 1,2026-09-24 18:00:00+02:00,2026-09-24 00:00:00+02:00,2026-09-23 18:00:00+02:00,717.9232997700005,710.7418733199996,-7.181426450000913
Region 1,2026-09-24 19:00:00+02:00,2026-09-24 00:00:00+02:00,2026-09-23 19:00:00+02:00,687.5357159100006,687.3730992999992,-0.16261661000135064
Region 1,2026-09-24 20:00:00+02:00,2026-09-24 00:00:00+02:00,2026-09-23 20:00:00+02:00,620.2173305600003,626.4300030399992,6.212672479998901
Region 1,2026-09-24 21:00:00+02:00,2026-09-24 00:00:00+02:00,2026-09-23 21:00:00+02:00,548.2031729500003,552.0929711099998,3.8897981599994864
Region 1,2026-09-24 22:00:00+02:00,2026-09-24 00:00:00+02:00,2026-09-23 22:00:00+02:00,498.7040295900001,482.34371811000017,-16.36031147999995
Region 1,2026-09-24 23:00:00+02:00,2026-09-24 00:00:00+02:00,2026-09-23 23:00:00+02:00,457.31492480000037,458.13202540999987,0.8171006099994997
Region 1,2026-09-25 00:00:00+02:00,2026-09-25 00:00:00+02:00,2026-09-24 00:00:00+02:00,439.37179471000036,439.3139128800002,-0.05788183000015579
Region 1,2026-09-25 01:00:00+02:00,2026-09-25 00:00:00+02:00,2026-09-24 01:00:00+02:00,441.4065599700002,430.56311164000016,-10.843448330000058
Region 1,2026-09-25 02:00:00+02:00,2026-09-25 00:00:00+02:00,2026-09-24 02:00:00+02:00,450.3872749300003,450.44095765,0.0536827199996992
Region 1,2026-09-25 03:00:00+02:00,2026-09-25 00:00:00+02:00,2026-09-24 03:00:00+02:00,444.7701879100002,448.5670254199998,3.796837509999648
Region 1,2026-09-25 04:00:00+02:00,2026-09-25 00:00:00+02:00,2026-09-24 04:00:00+02:00,471.1118024600005,472.06393835,0.9521358899995107
Region 1,2026-09-25 05:00:00+02:00,2026-09-25 00:00:00+02:00,2026-09-24 05:00:00+02:00,514.7887671299997,512.9564047900004,-1.8323623399992357
Region 1,2026-09-25 06:00:00+02:00,2026-09-25 00:00:00+02:00,2026-09-24 06:00:00+02:00,589.7797839100008,576.20416146,-13.575622450000765
Region 1,2026-09-25 07:00:00+02:00,2026-09-25 00:00:00+02:00,2026-09-24 07:00:00+02:00,644.72040027,649.7263991800003,5.005998910000244
Region 1,2026-09-25 08:00:00+02:00,2026-09-25 00:00:00+02:00,2026-09-24 08:00:00+02:00,683.4968100500008,678.7830097700014,-4.713800279999418
Region 1,2026-09-25 09:00:00+02:00,2026-09-25 00:00:00+02:00,2026-09-24 09:00:00+02:00,704.1637750300023,690.9365454200013,-13.227229610001018
Region 1,2026-09-25 10:00:00+02:00,2026-09-25 00:00:00+02:00,2026-09-24 10:00:00+02:00,739.2044072599996,734.4248545800007,-4.779552679998915
Region 1,2026-09-25 11:00:00+02:00,2026-09-25 00:00:00+02:00,2026-09-24 11:00:00+02:00,783.3527871899996,782.96419285,-0.38859433999959947
Region 1,2026-09-25 12:00:00+02:00,2026-09-25 00:00:00+02:00,2026-09-24 12:00:00+02:00,815.8566152500001,817.2396645100001,1.383049260000007
Region 1,2026-09-25 13:00:00+02:00,2026-09-25 00:00:00+02:00,2026-09-24 13:00:00+02:00,815.5584989600014,820.4643078699996,4.9058089099982
Region 1,2026-09-25 14:00:00+02:00,2026-09-25 00:00:00+02:00,2026-09-24 14:00:00+02:00,796.4548416100016,798.2503805400006,1.7955389299989974
Region 1,2026-09-25 15:00:00+02:00,2026-09-25 00:00:00+02:00,2026-09-24 15:00:00+02:00,763.9204927199994,761.1359532000006,-2.784539519998816
Region 1,2026-09-25 16:00:00+02:00,2026-09-25 00:00:00+02:00,2026-09-24 16:00:00+02:00,732.9295736900004,726.3151536000003,-6.614420090000181
Region 1,2026-09-25 17:00:00+02:00,2026-09-25 00:00:00+02:00,2026-09-24 17:00:00+02:00,720.1776425199994,728.9606996500007,8.783057130001339
Region 1,2026-09-25 18:00:00+02:00,2026-09-25 00:00:00+02:00,2026-09-24 18:00:00+02:00,721.1840483800012,717.9232997700005,-3.2607486100006327
Region 1,2026-09-25 19:00:00+02:00,2026-09-25 00:00:00+02:00,2026-09-24 19:00:00+02:00,695.5995362499986,687.5357159100006,-8.06382033999796
Region 1,2026-09-25 20:00:00+02:00,2026-09-25 00:00:00+02:00,2026-09-24 20:00:00+02:00,625.0274973500005,620.2173305600003,-4.810166790000267
Region 1,2026-09-25 21:00:00+02:00,2026-09-25 00:00:00+02:00,2026-09-24 21:00:00+02:00,558.1129833600007,548.2031729500003,-9.909810410000432
Region 1,2026-09-25 22:00:00+02:00,2026-09-25 00:00:00+02:00,2026-09-24 22:00:00+02:00,501.0490901500001,498.7040295900001,-2.345060559999979
Region 1,2026-09-25 23:00:00+02:00,2026-09-25 00:00:00+02:00,2026-09-24 23:00:00+02:00,461.89118107,457.31492480000037,-4.5762562699996465
Region 1,2026-09-26 00:00:00+02:00,2026-09-26 00:00:00+02:00,2026-09-25 00:00:00+02:00,349.4773589600002,439.37179471000036,89.89443575000018
Region 1,2026-09-26 01:00:00+02:00,2026-09-26 00:00:00+02:00,2026-09-25 01:00:00+02:00,348.50323935000074,441.4065599700002,92.90332061999948
Region 1,2026-09-26 02:00:00+02:00,2026-09-26 00:00:00+02:00,2026-09-25 02:00:00+02:00,350.26431808000007,450.3872749300003,100.12295685000021
Region 1,2026-09-26 03:00:00+02:00,2026-09-26 00:00:00+02:00,2026-09-25 03:00:00+02:00,358.39068021999987,444.7701879100002,86.37950769000031
Region 1,2026-09-26 04:00:00+02:00,2026-09-26 00:00:00+02:00,2026-09-25 04:00:00+02:00,378.15098760999996,471.1118024600005,92.96081485000053
Region 1,2026-09-26 05:00:00+02:00,2026-09-26 00:00:00+02:00,2026-09-25 05:00:00+02:00,418.1652745999997,514.7887671299997,96.62349252999996
Region 1,2026-09-26 06:00:00+02:00,2026-09-26 00:00:00+02:00,2026-09-25 06:00:00+02:00,482.50578804000025,589.7797839100008,107.27399587000053
Region 1,2026-09-26 07:00:00+02:00,2026-09-26 00:00:00+02:00,2026-09-25 07:00:00+02:00,529.0970793799999,644.72040027,115.62332089000017
Region 1,2026-09-26 08:00:00+02:00,2026-09-26 00:00:00+02:00,2026-09-25 08:00:00+02:00,537.3231533399994,683.4968100500008,146.1736567100014
Region 1,2026-09-26 09:00:00+02:00,2026-09-26 00:00:00+02:00,2026-09-25 09:00:00+02:00,522.9243302799997,704.1637750300023,181.23944475000258
Region 1,2026-09-26 10:00:00+02:00,2026-09-26 00:00:00+02:00,2026-09-25 10:00:00+02:00,525.2673751599992,739.2044072599996,213.93703210000035
Region 1,2026-09-26 11:00:00+02:00,2026-09-26 00:00:00+02:00,2026-09-25 11:00:00+02:00,539.5181092900006,783.3527871899996,243.83467789999906
Region 1,2026-09-26 12:00:00+02:00,2026-09-26 00:00:00+02:00,2026-09-25 12:00:00+02:00,562.9567236099999,815.8566152500001,252.8998916400002
Region 1,2026-09-26 13:00:00+02:00,2026-09-26 00:00:00+02:00,2026-09-25 13:00:00+02:00,567.1659996000002,815.5584989600014,248.39249936000124
Region 1,2026-09-26 14:00:00+02:00,2026-09-26 00:00:00+02:00,2026-09-25 14:00:00+02:00,553.9361408899999,796.4548416100016,242.51870072000168
Region 1,2026-09-26 15:00:00+02:00,2026-09-26 00:00:00+02:00,2026-09-25 15:00:00+02:00,549.7028525299997,763.9204927199994,214.21764018999966
Region 1,2026-09-26 16:00:00+02:00,2026-09-26 00:00:00+02:00,2026-09-25 16:00:00+02:00,558.3080235599997,732.9295736900004,174.62155013000074
Region 1,2026-09-26 17:00:00+02:00,2026-09-26 00:00:00+02:00,2026-09-25 17:00:00+02:00,576.2347172200006,720.1776425199994,143.94292529999882
Region 1,2026-09-26 18:00:00+02:00,2026-09-26 00:00:00+02:00,2026-09-25 18:00:00+02:00,595.3632412099992,721.1840483800012,125.82080717000201
Region 1,2026-09-26 19:00:00+02:00,2026-09-26 00:00:00+02:00,2026-09-25 19:00:00+02:00,580.5994278299992,695.5995362499986,115.00010841999938
Region 1,2026-09-26 20:00:00+02:00,2026-09-26 00:00:00+02:00,2026-09-25 20:00:00+02:00,529.3385932499991,625.0274973500005,95.68890410000142
Region 1,2026-09-26 21:00:00+02:00,2026-09-26 00:00:00+02:00,2026-09-25 21:00:00+02:00,465.8859066400001,558.1129833600007,92.22707672000064
Region 1,2026-09-26 22:00:00+02:00,2026-09-26 00:00:00+02:00,2026-09-25 22:00:00+02:00,400.12364127000046,501.0490901500001,100.92544887999964
Region 1,2026-09-26 23:00:00+02:00,2026-09-26 00:00:00+02:00,2026-09-25 23:00:00+02:00,373.18056030000025,461.89118107,88.71062076999976
Region 1,2026-09-27 00:00:00+02:00,2026-09-27 00:00:00+02:00,2026-09-26 00:00:00+02:00,354.3472375499999,349.4773589600002,-4.869878589999701
Region 1,2026-09-27 01:00:00+02:00,2026-09-27 00:00:00+02:00,2026-09-26 01:00:00+02:00,355.72177358999977,348.50323935000074,-7.21853423999903
Region 1,2026-09-27 02:00:00+02:00,2026-09-27 00:00:00+02:00,2026-09-26 02:00:00+02:00,353.41763952000036,350.26431808000007,-3.1533214400002976
Region 1,2026-09-27 03:00:00+02:00,2026-09-27 00:00:00+02:00,2026-09-26 03:00:00+02:00,359.86354469000014,358.39068021999987,-1.4728644700002747
Region 1,2026-09-27 04:00:00+02:00,2026-09-27 00:00:00+02:00,2026-09-26 04:00:00+02:00,378.04323879000003,378.15098760999996,0.10774881999992658
Region 1,2026-09-27 05:00:00+02:00,2026-09-27 00:00:00+02:00,2026-09-26 05:00:00+02:00,422.9702814499995,418.1652745999997,-4.805006849999813
Region 1,2026-09-27 06:00:00+02:00,2026-09-27 00:00:00+02:00,2026-09-26 06:00:00+02:00,487.6326121699999,482.50578804000025,-5.1268241299996475
Region 1,2026-09-27 07:00:00+02:00,2026-09-27 00:00:00+02:00,2026-09-26 07:00:00+02:00,531.7723349999999,529.0970793799999,-2.67525562000003
Region 1,2026-09-27 08:00:00+02:00,2026-09-27 00:00:00+02:00,2026-09-26 08:00:00+02:00,549.355189940001,537.3231533399994,-12.032036600001561
Region 1,2026-09-27 09:00:00+02:00,2026-09-27 00:00:00+02:00,2026-09-26 09:00:00+02:00,518.0987398399998,522.9243302799997,4.825590439999928
Region 1,2026-09-27 10:00:00+02:00,2026-09-27 00:00:00+02:00,2026-09-26 10:00:00+02:00,522.9056309500008,525.2673751599992,2.361744209998392
Region 1,2026-09-27 11:00:00+02:00,2026-09-27 00:00:00+02:00,2026-09-26 11:00:00+02:00,545.7926513899998,539.5181092900006,-6.27454209999928
Region 1,2026-09-27 12:00:00+02:00,2026-09-27 00:00:00+02:00,2026-09-26 12:00:00+02:00,565.6559309899994,562.9567236099999,-2.699207379999507
Region 1,2026-09-27 13:00:00+02:00,2026-09-27 00:00:00+02:00,2026-09-26 13:00:00+02:00,565.2699652,567.1659996000002,1.8960344000001896
Region 1,2026-09-27 14:00:00+02:00,2026-09-27 00:00:00+02:00,2026-09-26 14:00:00+02:00,557.6665873699989,553.9361408899999,-3.730446479998932
Region 1,2026-09-27 15:00:00+02:00,2026-09-27 00:00:00+02:00,2026-09-26 15:00:00+02:00,552.76314113,549.7028525299997,-3.0602886000002627
Region 1,2026-09-27 16:00:00+02:00,2026-09-27 00:00:00+02:00,2026-09-26 16:00:00+02:00,559.1609007699991,558.3080235599997,-0.8528772099994057
Region 1,2026-09-27 17:00:00+02:00,2026-09-27 00:00:00+02:00,2026-09-26 17:00:00+02:00,575.1143806099996,576.2347172200006,1.1203366100010044
Region 1,2026-09-27 18:00:00+02:00,2026-09-27 00:00:00+02:00,2026-09-26 18:00:00+02:00,599.4200612900008,595.3632412099992,-4.056820080001671
Region 1,2026-09-27 19:00:00+02:00,2026-09-27 00:00:00+02:00,2026-09-26 19:00:00+02:00,586.8457228299994,580.5994278299992,-6.246295000000259
Region 1,2026-09-27 20:00:00+02:00,2026-09-27 00:00:00+02:00,2026-09-26 20:00:00+02:00,534.4024513999998,529.3385932499991,-5.063858150000669
Region 1,2026-09-27 21:00:00+02:00,2026-09-27 00:00:00+02:00,2026-09-26 21:00:00+02:00,460.48902280999965,465.8859066400001,5.396883830000434
Region 1,2026-09-27 22:00:00+02:00,2026-09-27 00:00:00+02:00,2026-09-26 22:00:00+02:00,408.81481670000096,400.12364127000046,-8.691175430000499
Region 1,2026-09-27 23:00:00+02:00,2026-09-27 00:00:00+02:00,2026-09-26 23:00:00+02:00,372.4706563000002,373.18056030000025,0.7099040000000514
Region 1,2026-09-28 00:00:00+02:00,2026-09-28 00:00:00+02:00,2026-09-27 00:00:00+02:00,445.52050986,354.3472375499999,-91.17327231000013
Region 1,2026-09-28 01:00:00+02:00,2026-09-28 00:00:00+02:00,2026-09-27 01:00:00+02:00,449.3633924299999,355.72177358999977,-93.64161884000015
Region 1,2026-09-28 02:00:00+02:00,2026-09-28 00:00:00+02:00,2026-09-27 02:00:00+02:00,443.57105741000015,353.41763952000036,-90.15341788999979
Region 1,2026-09-28 03:00:00+02:00,2026-09-28 00:00:00+02:00,2026-09-27 03:00:00+02:00,447.57891492999977,359.86354469000014,-87.71537023999963
Region 1,2026-09-28 04:00:00+02:00,2026-09-28 00:00:00+02:00,2026-09-27 04:00:00+02:00,474.89039644000025,378.04323879000003,-96.84715765000021
Region 1,2026-09-28 05:00:00+02:00,2026-09-28 00:00:00+02:00,2026-09-27 05:00:00+02:00,526.3443402499994,422.9702814499995,-103.37405879999989
Region 1,2026-09-28 06:00:00+02:00,2026-09-28 00:00:00+02:00,2026-09-27 06:00:00+02:00,592.2878016200001,487.6326121699999,-104.6551894500002
Region 1,2026-09-28 07:00:00+02:00,2026-09-28 00:00:00+02:00,2026-09-27 07:00:00+02:00,653.466626220001,531.7723349999999,-121.6942912200011
Region 1,2026-09-28 08:00:00+02:00,2026-09-28 00:00:00+02:00,2026-09-27 08:00:00+02:00,687.90413688,549.355189940001,-138.54894693999904
Region 1,2026-09-28 09:00:00+02:00,2026-09-28 00:00:00+02:00,2026-09-27 09:00:00+02:00,707.3132357600014,518.0987398399998,-189.21449592000158
Region 1,2026-09-28 10:00:00+02:00,2026-09-28 00:00:00+02:00,2026-09-27 10:00:00+02:00,726.8924529499994,522.9056309500008,-203.9868219999986
Region 1,2026-09-28 11:00:00+02:00,2026-09-28 00:00:00+02:00,2026-09-27 11:00:00+02:00,777.0757643700001,545.7926513899998,-231.28311298000028
Region 1,2026-09-28 12:00:00+02:00,2026-09-28 00:00:00+02:00,2026-09-27 12:00:00+02:00,820.2207831399991,565.6559309899994,-254.56485214999964
Region 1,2026-09-28 13:00:00+02:00,2026-09-28 00:00:00+02:00,2026-09-27 13:00:00+02:00,835.6092687399989,565.2699652,-270.3393035399989
Region 1,2026-09-28 14:00:00+02:00,2026-09-28 00:00:00+02:00,2026-09-27 14:00:00+02:00,805.5248258400011,557.6665873699989,-247.85823847000222
Region 1,2026-09-28 15:00:00+02:00,2026-09-28 00:00:00+02:00,2026-09-27 15:00:00+02:00,752.5833594200008,552.76314113,-199.82021829000075
Region 1,2026-09-28 16:00:00+02:00,2026-09-28 00:00:00+02:00,2026-09-27 16:00:00+02:00,738.5449476099985,559.1609007699991,-179.38404683999943
Region 1,2026-09-28 17:00:00+02:00,2026-09-28 00:00:00+02:00,2026-09-27 17:00:00+02:00,730.4812311000005,575.1143806099996,-155.36685049000096
Region 1,2026-09-28 18:00:00+02:00,2026-09-28 00:00:00+02:00,2026-09-27 18:00:00+02:00,729.7611982100002,599.4200612900008,-130.34113691999937
Region 1,2026-09-28 19:00:00+02:00,2026-09-28 00:00:00+02:00,2026-09-27 19:00:00+02:00,692.6389216200001,586.8457228299994,-105.7931987900007
Region 1,2026-09-28 20:00:00+02:00,2026-09-28 00:00:00+02:00,2026-09-27 20:00:00+02:00,636.0250964600007,534.4024513999998,-101.62264506000088
Region 1,2026-09-28 21:00:00+02:00,2026-09-28 00:00:00+02:00,2026-09-27 21:00:00+02:00,555.2645939199997,460.48902280999965,-94.77557111000004
Region 1,2026-09-28 22:00:00+02:00,2026-09-28 00:00:00+02:00,2026-09-27 22:00:00+02:00,501.8003394499995,408.81481670000096,-92.98552274999855
Region 1,2026-09-28 23:00:00+02:00,2026-09-28 00:00:00+02:00,2026-09-27 23:00:00+02:00,466.3792926200004,372.4706563000002,-93.9086363200002
Region 2,2026-09-22 00:00:00+02:00,2026-09-22 00:00:00+02:00,2026-09-21 00:00:00+02:00,438.33632592999993,438.3610902700001,0.0247643400001607
Region 2,2026-09-22 01:00:00+02:00,2026-09-22 00:00:00+02:00,2026-09-21 01:00:00+02:00,438.9378550999994,439.5221899399996,0.5843348400001673
Region 2,2026-09-22 02:00:00+02:00,2026-09-22 00:00:00+02:00,2026-09-21 02:00:00+02:00,444.07399543999986,440.46713638000017,-3.6068590599996924
Region 2,2026-09-22 03:00:00+02:00,2026-09-22 00:00:00+02:00,2026-09-21 03:00:00+02:00,440.6052474399998,444.0151149299999,3.4098674900001242
Region 2,2026-09-22 04:00:00+02:00,2026-09-22 00:00:00+02:00,2026-09-21 04:00:00+02:00,468.3158966899991,461.5753353700003,-6.74056131999879
Region 2,2026-09-22 05:00:00+02:00,2026-09-22 00:00:00+02:00,2026-09-21 05:00:00+02:00,523.0997282699999,507.51811969999983,-15.581608570000071
Region 2,2026-09-22 06:00:00+02:00,2026-09-22 00:00:00+02:00,2026-09-21 06:00:00+02:00,582.3497694499998,590.0616443,7.711874850000186
Region 2,2026-09-22 07:00:00+02:00,2026-09-22 00:00:00+02:00,2026-09-21 07:00:00+02:00,650.227695420001,645.1094067600003,-5.118288660000758
Region 2,2026-09-22 08:00:00+02:00,2026-09-22 00:00:00+02:00,2026-09-21 08:00:00+02:00,676.3658275800001,663.8339681100014,-12.531859469998722
Region 2,2026-09-22 09:00:00+02:00,2026-09-22 00:00:00+02:00,2026-09-21 09:00:00+02:00,670.2804415500004,673.8160747700018,3.5356332200013867
Region 2,2026-09-22 10:00:00+02:00,2026-09-22 00:00:00+02:00,2026-09-21 10:00:00+02:00,696.2363014400008,681.0596362599995,-15.17666518000135
Region 2,2026-09-22 11:00:00+02:00,2026-09-22 00:00:00+02:00,2026-09-21 11:00:00+02:00,727.9069015199996,725.8092013299994,-2.0977001900001824
Region 2,2026-09-22 12:00:00+02:00,2026-09-22 00:00:00+02:00,2026-09-21 12:00:00+02:00,759.824078220001,759.3699130100006,-0.454165210000383
Region 2,2026-09-22 13:00:00+02:00,2026-09-22 00:00:00+02:00,2026-09-21 13:00:00+02:00,761.4980284400003,760.09270643,-1.4053220100003045
Region 2,2026-09-22 14:00:00+02:00,2026-09-22 00:00:00+02:00,2026-09-21 14:00:00+02:00,746.4353022000003,744.249439759999,-2.1858624400013014
Region 2,2026-09-22 15:00:00+02:00,2026-09-22 00:00:00+02:00,2026-09-21 15:00:00+02:00,714.7649827399997,715.4543785099979,0.6893957699982138
Region 2,2026-09-22 16:00:00+02:00,2026-09-22 00:00:00+02:00,2026-09-21 16:00:00+02:00,713.8135475799991,703.2525684499994,-10.560979129999623
Region 2,2026-09-22 17:00:00+02:00,2026-09-22 00:00:00+02:00,2026-09-21 17:00:00+02:00,714.9364445699998,709.1597171200008,-5.7767274499990435
Region 2,2026-09-22 18:00:00+02:00,2026-09-22 00:00:00+02:00,2026-09-21 18:00:00+02:00,719.0420956900003,716.3986724000006,-2.6434232899997596
Region 2,2026-09-22 19:00:00+02:00,2026-09-22 00:00:00+02:00,2026-09-21 19:00:00+02:00,699.93506583,696.50408884,-3.4309769899999765
Region 2,2026-09-22 20:00:00+02:00,2026-09-22 00:00:00+02:00,2026-09-21 20:00:00+02:00,630.7798594499997,634.3816740800003,3.6018146300006038
Region 2,2026-09-22 21:00:00+02:00,2026-09-22 00:00:00+02:00,2026-09-21 21:00:00+02:00,554.3662278600005,554.9943959299991,0.6281680699985372
Region 2,2026-09-22 22:00:00+02:00,2026-09-22 00:00:00+02:00,2026-09-21 22:00:00+02:00,496.3678191100001,496.25659053000066,-0.11122857999941971
Region 2,2026-09-22 23:00:00+02:00,2026-09-22 00:00:00+02:00,2026-09-21 23:00:00+02:00,461.9656422199998,463.2647379899991,1.299095769999326
Region 2,2026-09-23 00:00:00+02:00,2026-09-23 00:00:00+02:00,2026-09-22 00:00:00+02:00,440.7702979099998,438.33632592999993,-2.4339719799998534
Region 2,2026-09-23 01:00:00+02:00,2026-09-23 00:00:00+02:00,2026-09-22 01:00:00+02:00,441.23550528,438.9378550999994,-2.2976501800005735
Region 2,2026-09-23 02:00:00+02:00,2026-09-23 00:00:00+02:00,2026-09-22 02:00:00+02:00,445.6414780799999,444.07399543999986,-1.567482640000037
Region 2,2026-09-23 03:00:00+02:00,2026-09-23 00:00:00+02:00,2026-09-22 03:00:00+02:00,445.89962884,440.6052474399998,-5.294381400000191
Region 2,2026-09-23 04:00:00+02:00,2026-09-23 00:00:00+02:00,2026-09-22 04:00:00+02:00,470.1118178999998,468.3158966899991,-1.7959212100006994
Region 2,2026-09-23 05:00:00+02:00,2026-09-23 00:00:00+02:00,2026-09-22 05:00:00+02:00,518.7568543499998,523.0997282699999,4.342873920000102
Region 2,2026-09-23 06:00:00+02:00,2026-09-23 00:00:00+02:00,2026-09-22 06:00:00+02:00,588.8350364799996,582.3497694499998,-6.485267029999818
Region 2,2026-09-23 07:00:00+02:00,2026-09-23 00:00:00+02:00,2026-09-22 07:00:00+02:00,651.0529546299995,650.227695420001,-0.8252592099984213
Region 2,2026-09-23 08:00:00+02:00,2026-09-23 00:00:00+02:00,2026-09-22 08:00:00+02:00,678.6419881500016,676.3658275800001,-2.2761605700014798
Region 2,2026-09-23 09:00:00+02:00,2026-09-23 00:00:00+02:00,2026-09-22 09:00:00+02:00,681.9218527900005,670.2804415500004,-11.641411240000025
Region 2,2026-09-23 10:00:00+02:00,2026-09-23 00:00:00+02:00,2026-09-22 10:00:00+02:00,686.025420900001,696.2363014400008,10.210880539999835
Region 2,2026-09-23 11:00:00+02:00,2026-09-23 00:00:00+02:00,2026-09-22 11:00:00+02:00,728.0476628299982,727.9069015199996,-0.140761309998652
Region 2,2026-09-23 12:00:00+02:00,2026-09-23 00:00:00+02:00,2026-09-22 12:00:00+02:00,764.0034937899999,759.824078220001,-4.179415569998923
Region 2,2026-09-23 13:00:00+02:00,2026-09-23 00:00:00+02:00,2026-09-22 13:00:00+02:00,761.6620364999999,761.4980284400003,-0.16400805999955992
Region 2,2026-09-23 14:00:00+02:00,2026-09-23 00:00:00+02:00,2026-09-22 14:00:00+02:00,756.4511639100008,746.4353022000003,-10.015861710000536
Region 2,2026-09-23 15:00:00+02:00,2026-09-23 00:00:00+02:00,2026-09-22 15:00:00+02:00,725.3036008899987,714.7649827399997,-10.538618149999024
Region 2,2026-09-23 16:00:00+02:00,2026-09-23 00:00:00+02:00,2026-09-22 16:00:00+02:00,709.2733472400009,713.8135475799991,4.540200339998137
Region 2,2026-09-23 17:00:00+02:00,2026-09-23 00:00:00+02:00,2026-09-22 17:00:00+02:00,714.6915381199989,714.9364445699998,0.2449064500009399
Region 2,2026-09-23 18:00:00+02:00,2026-09-23 00:00:00+02:00,2026-09-22 18:00:00+02:00,726.4499190599993,719.0420956900003,-7.407823369998937
Region 2,2026-09-23 19:00:00+02:00,2026-09-23 00:00:00+02:00,2026-09-22 19:00:00+02:00,700.186412089999,699.93506583,-0.251346259998968
Region 2,2026-09-23 20:00:00+02:00,2026-09-23 00:00:00+02:00,2026-09-22 20:00:00+02:00,632.8791530600005,630.7798594499997,-2.0992936100008137
Region 2,2026-09-23 21:00:00+02:00,2026-09-23 00:00:00+02:00,2026-09-22 21:00:00+02:00,559.3400388899997,554.3662278600005,-4.973811029999183
Region 2,2026-09-23 22:00:00+02:00,2026-09-23 00:00:00+02:00,2026-09-22 22:00:00+02:00,504.3179274600001,496.3678191100001,-7.950108349999994
Region 2,2026-09-23 23:00:00+02:00,2026-09-23 00:00:00+02:00,2026-09-22 23:00:00+02:00,462.63534657000014,461.9656422199998,-0.6697043500003588
Region 2,2026-09-24 00:00:00+02:00,2026-09-24 00:00:00+02:00,2026-09-23 00:00:00+02:00,438.2702205199996,440.7702979099998,2.500077390000172
Region 2,2026-09-24 01:00:00+02:00,2026-09-24 00:00:00+02:00,2026-09-23 01:00:00+02:00,437.49829305000105,441.23550528,3.7372122299989314
Region 2,2026-09-24 02:00:00+02:00,2026-09-24 00:00:00+02:00,2026-09-23 02:00:00+02:00,443.59769992000014,445.6414780799999,2.0437781599997606
Region 2,2026-09-24 03:00:00+02:00,2026-09-24 00:00:00+02:00,2026-09-23 03:00:00+02:00,442.9717490400008,445.89962884,2.9278797999991752
Region 2,2026-09-24 04:00:00+02:00,2026-09-24 00:00:00+02:00,2026-09-23 04:00:00+02:00,476.62060635000034,470.1118178999998,-6.508788450000566
Region 2,2026-09-24 05:00:00+02:00,2026-09-24 00:00:00+02:00,2026-09-23 05:00:00+02:00,518.6321054099988,518.7568543499998,0.12474894000104086
Region 2,2026-09-24 06:00:00+02:00,2026-09-24 00:00:00+02:00,2026-09-23 06:00:00+02:00,589.9475545000004,588.8350364799996,-1.1125180200007208
Region 2,2026-09-24 07:00:00+02:00,2026-09-24 00:00:00+02:00,2026-09-23 07:00:00+02:00,647.2530043599999,651.0529546299995,3.799950269999613
Region 2,2026-09-24 08:00:00+02:00,2026-09-24 00:00:00+02:00,2026-09-23 08:00:00+02:00,678.4002987500004,678.6419881500016,0.241689400001178
Region 2,2026-09-24 09:00:00+02:00,2026-09-24 00:00:00+02:00,2026-09-23 09:00:00+02:00,672.4249945900002,681.9218527900005,9.496858200000247
Region 2,2026-09-24 10:00:00+02:00,2026-09-24 00:00:00+02:00,2026-09-23 10:00:00+02:00,700.0042849399997,686.025420900001,-13.978864039998712
Region 2,2026-09-24 11:00:00+02:00,2026-09-24 00:00:00+02:00,2026-09-23 11:00:00+02:00,726.79768725,728.0476628299982,1.2499755799982495
Region 2,2026-09-24 12:00:00+02:00,2026-09-24 00:00:00+02:00,2026-09-23 12:00:00+02:00,763.5011362799993,764.0034937899999,0.5023575100005928
Region 2,2026-09-24 13:00:00+02:00,2026-09-24 00:00:00+02:00,2026-09-23 13:00:00+02:00,762.1068537900005,761.6620364999999,-0.4448172900006284
Region 2,2026-09-24 14:00:00+02:00,2026-09-24 00:00:00+02:00,2026-09-23 14:00:00+02:00,754.7264006799984,756.4511639100008,1.7247632300023952
Region 2,2026-09-24 15:00:00+02:00,2026-09-24 00:00:00+02:00,2026-09-23 15:00:00+02:00,720.2168689400008,725.3036008899987,5.086731949997898
Region 2,2026-09-24 16:00:00+02:00,2026-09-24 00:00:00+02:00,2026-09-23 16:00:00+02:00,703.29940909,709.2733472400009,5.97393815000089
Region 2,2026-09-24 17:00:00+02:00,2026-09-24 00:00:00+02:00,2026-09-23 17:00:00+02:00,723.2927270399989,714.6915381199989,-8.601188920000027
Region 2,2026-09-24 18:00:00+02:00,2026-09-24 00:00:00+02:00,2026-09-23 18:00:00+02:00,720.9046062799997,726.4499190599993,5.545312779999563
Region 2,2026-09-24 19:00:00+02:00,2026-09-24 00:00:00+02:00,2026-09-23 19:00:00+02:00,696.0358247200003,700.186412089999,4.150587369998675
Region 2,2026-09-24 20:00:00+02:00,2026-09-24 00:00:00+02:00,2026-09-23 20:00:00+02:00,630.7265368300002,632.8791530600005,2.1526162300002625
Region 2,2026-09-24 21:00:00+02:00,2026-09-24 00:00:00+02:00,2026-09-23 21:00:00+02:00,562.2935003799989,559.3400388899997,-2.9534614899991993
Region 2,2026-09-24 22:00:00+02:00,2026-09-24 00:00:00+02:00,2026-09-23 22:00:00+02:00,500.79555966000027,504.3179274600001,3.522367799999813
Region 2,2026-09-24 23:00:00+02:00,2026-09-24 00:00:00+02:00,2026-09-23 23:00:00+02:00,467.78950636000053,462.63534657000014,-5.154159790000392
Region 2,2026-09-25 00:00:00+02:00,2026-09-25 00:00:00+02:00,2026-09-24 00:00:00+02:00,441.8354952200005,438.2702205199996,-3.5652747000008844
Region 2,2026-09-25 01:00:00+02:00,2026-09-25 00:00:00+02:00,2026-09-24 01:00:00+02:00,442.3091816,437.49829305000105,-4.810888549998936
Region 2,2026-09-25 02:00:00+02:00,2026-09-25 00:00:00+02:00,2026-09-24 02:00:00+02:00,450.25974506000034,443.59769992000014,-6.6620451400002025
Region 2,2026-09-25 03:00:00+02:00,2026-09-25 00:00:00+02:00,2026-09-24 03:00:00+02:00,444.27184780000033,442.9717490400008,-1.3000987599995142
Region 2,2026-09-25 04:00:00+02:00,2026-09-25 00:00:00+02:00,2026-09-24 04:00:00+02:00,476.4190648600003,476.62060635000034,0.20154149000006782
Region 2,2026-09-25 05:00:00+02:00,2026-09-25 00:00:00+02:00,2026-09-24 05:00:00+02:00,526.4445875599993,518.6321054099988,-7.8124821500005055
Region 2,2026-09-25 06:00:00+02:00,2026-09-25 00:00:00+02:00,2026-09-24 06:00:00+02:00,592.3675448800002,589.9475545000004,-2.419990379999831
Region 2,2026-09-25 07:00:00+02:00,2026-09-25 00:00:00+02:00,2026-09-24 07:00:00+02:00,651.0050942499993,647.2530043599999,-3.752089889999411
Region 2,2026-09-25 08:00:00+02:00,2026-09-25 00:00:00+02:00,2026-09-24 08:00:00+02:00,673.00982793,678.4002987500004,5.39047082000036
Region 2,2026-09-25 09:00:00+02:00,2026-09-25 00:00:00+02:00,2026-09-24 09:00:00+02:00,677.2550106099997,672.4249945900002,-4.830016019999448
Region 2,2026-09-25 10:00:00+02:00,2026-09-25 00:00:00+02:00,2026-09-24 10:00:00+02:00,693.4837989899997,700.0042849399997,6.520485949999966
Region 2,2026-09-25 11:00:00+02:00,2026-09-25 00:00:00+02:00,2026-09-24 11:00:00+02:00,737.2282205000007,726.79768725,-10.430533250000735
Region 2,2026-09-25 12:00:00+02:00,2026-09-25 00:00:00+02:00,2026-09-24 12:00:00+02:00,763.8596562499987,763.5011362799993,-0.3585199699994064
Region 2,2026-09-25 13:00:00+02:00,2026-09-25 00:00:00+02:00,2026-09-24 13:00:00+02:00,768.7067429999997,762.1068537900005,-6.599889209999219
Region 2,2026-09-25 14:00:00+02:00,2026-09-25 00:00:00+02:00,2026-09-24 14:00:00+02:00,755.552381,754.7264006799984,-0.8259803200015767
Region 2,2026-09-25 15:00:00+02:00,2026-09-25 00:00:00+02:00,2026-09-24 15:00:00+02:00,723.3242562999998,720.2168689400008,-3.1073873599989383
Region 2,2026-09-25 16:00:00+02:00,2026-09-25 00:00:00+02:00,2026-09-24 16:00:00+02:00,717.4827687200004,703.29940909,-14.183359630000382
Region 2,2026-09-25 17:00:00+02:00,2026-09-25 00:00:00+02:00,2026-09-24 17:00:00+02:00,726.2481581899992,723.2927270399989,-2.9554311500003223
Region 2,2026-09-25 18:00:00+02:00,2026-09-25 00:00:00+02:00,2026-09-24 18:00:00+02:00,731.0548686599989,720.9046062799997,-10.150262379999162
Region 2,2026-09-25 19:00:00+02:00,2026-09-25 00:00:00+02:00,2026-09-24 19:00:00+02:00,705.081996850001,696.0358247200003,-9.046172130000741
Region 2,2026-09-25 20:00:00+02:00,2026-09-25 00:00:00+02:00,2026-09-24 20:00:00+02:00,638.1887222299993,630.7265368300002,-7.4621853999990435
Region 2,2026-09-25 21:00:00+02:00,2026-09-25 00:00:00+02:00,2026-09-24 21:00:00+02:00,567.8493265299999,562.2935003799989,-5.555826150000939
Region 2,2026-09-25 22:00:00+02:00,2026-09-25 00:00:00+02:00,2026-09-24 22:00:00+02:00,496.3908976600007,500.79555966000027,4.4046619999995755
Region 2,2026-09-25 23:00:00+02:00,2026-09-25 00:00:00+02:00,2026-09-24 23:00:00+02:00,465.328459170001,467.78950636000053,2.461047189999533
Region 2,2026-09-26 00:00:00+02:00,2026-09-26 00:00:00+02:00,2026-09-25 00:00:00+02:00,352.1121641999992,441.8354952200005,89.7233310200013
Region 2,2026-09-26 01:00:00+02:00,2026-09-26 00:00:00+02:00,2026-09-25 01:00:00+02:00,352.8468754499993,442.3091816,89.4623061500007
Region 2,2026-09-26 02:00:00+02:00,2026-09-26 00:00:00+02:00,2026-09-25 02:00:00+02:00,349.5711592199998,450.25974506000034,100.68858584000054
Region 2,2026-09-26 03:00:00+02:00,2026-09-26 00:00:00+02:00,2026-09-25 03:00:00+02:00,358.0550009899995,444.27184780000033,86.21684681000085
Region 2,2026-09-26 04:00:00+02:00,2026-09-26 00:00:00+02:00,2026-09-25 04:00:00+02:00,381.84317509999954,476.4190648600003,94.57588976000073
Region 2,2026-09-26 05:00:00+02:00,2026-09-26 00:00:00+02:00,2026-09-25 05:00:00+02:00,428.4874760400005,526.4445875599993,97.95711151999876
Region 2,2026-09-26 06:00:00+02:00,2026-09-26 00:00:00+02:00,2026-09-25 06:00:00+02:00,496.1952450300002,592.3675448800002,96.17229985
Region 2,2026-09-26 07:00:00+02:00,2026-09-26 00:00:00+02:00,2026-09-25 07:00:00+02:00,542.9126900000003,651.0050942499993,108.09240424999894
Region 2,2026-09-26 08:00:00+02:00,2026-09-26 00:00:00+02:00,2026-09-25 08:00:00+02:00,535.630556759999,673.00982793,137.37927117000106
Region 2,2026-09-26 09:00:00+02:00,2026-09-26 00:00:00+02:00,2026-09-25 09:00:00+02:00,518.6621934600004,677.2550106099997,158.5928171499993
Region 2,2026-09-26 10:00:00+02:00,2026-09-26 00:00:00+02:00,2026-09-25 10:00:00+02:00,507.37490182,693.4837989899997,186.10889716999975
Region 2,2026-09-26 11:00:00+02:00,2026-09-26 00:00:00+02:00,2026-09-25 11:00:00+02:00,524.894077099999,737.2282205000007,212.33414340000172
Region 2,2026-09-26 12:00:00+02:00,2026-09-26 00:00:00+02:00,2026-09-25 12:00:00+02:00,539.8514423100004,763.8596562499987,224.0082139399983
Region 2,2026-09-26 13:00:00+02:00,2026-09-26 00:00:00+02:00,2026-09-25 13:00:00+02:00,543.3964415699987,768.7067429999997,225.310301430001
Region 2,2026-09-26 14:00:00+02:00,2026-09-26 00:00:00+02:00,2026-09-25 14:00:00+02:00,533.6072415900002,755.552381,221.9451394099998
Region 2,2026-09-26 15:00:00+02:00,2026-09-26 00:00:00+02:00,2026-09-25 15:00:00+02:00,535.23303355,723.3242562999998,188.09122274999982
Region 2,2026-09-26 16:00:00+02:00,2026-09-26 00:00:00+02:00,2026-09-25 16:00:00+02:00,549.0804515799989,717.4827687200004,168.40231714000151
Region 2,2026-09-26 17:00:00+02:00,2026-09-26 00:00:00+02:00,2026-09-25 17:00:00+02:00,582.2491663899992,726.2481581899992,143.9989918
Region 2,2026-09-26 18:00:00+02:00,2026-09-26 00:00:00+02:00,2026-09-25 18:00:00+02:00,611.5046547100006,731.0548686599989,119.55021394999824
Region 2,2026-09-26 19:00:00+02:00,2026-09-26 00:00:00+02:00,2026-09-25 19:00:00+02:00,603.7287288299995,705.081996850001,101.35326802000156
Region 2,2026-09-26 20:00:00+02:00,2026-09-26 00:00:00+02:00,2026-09-25 20:00:00+02:00,546.7160983000012,638.1887222299993,91.47262392999801
Region 2,2026-09-26 21:00:00+02:00,2026-09-26 00:00:00+02:00,2026-09-25 21:00:00+02:00,468.5809378199995,567.8493265299999,99.26838871000035
Region 2,2026-09-26 22:00:00+02:00,2026-09-26 00:00:00+02:00,2026-09-25 22:00:00+02:00,411.4348788899993,496.3908976600007,84.95601877000138
Region 2,2026-09-26 23:00:00+02:00,2026-09-26 00:00:00+02:00,2026-09-25 23:00:00+02:00,376.0790471300002,465.328459170001,89.24941204000078
Region 2,2026-09-27 00:00:00+02:00,2026-09-27 00:00:00+02:00,2026-09-26 00:00:00+02:00,355.91080940999944,352.1121641999992,-3.7986452100002452
Region 2,2026-09-27 01:00:00+02:00,2026-09-27 00:00:00+02:00,2026-09-26 01:00:00+02:00,357.0395943899997,352.8468754499993,-4.192718940000418
Region 2,2026-09-27 02:00:00+02:00,2026-09-27 00:00:00+02:00,2026-09-26 02:00:00+02:00,357.37179723,349.5711592199998,-7.8006380100002275
Region 2,2026-09-27 03:00:00+02:00,2026-09-27 00:00:00+02:00,2026-09-26 03:00:00+02:00,357.18083037000025,358.0550009899995,0.8741706199992336
Region 2,2026-09-27 04:00:00+02:00,2026-09-27 00:00:00+02:00,2026-09-26 04:00:00+02:00,389.91862246,381.84317509999954,-8.075447360000453
Region 2,2026-09-27 05:00:00+02:00,2026-09-27 00:00:00+02:00,2026-09-26 05:00:00+02:00,434.7797899800005,428.4874760400005,-6.2923139399999855
Region 2,2026-09-27 06:00:00+02:00,2026-09-27 00:00:00+02:00,2026-09-26 06:00:00+02:00,490.9474371800002,496.1952450300002,5.247807850000015
Region 2,2026-09-27 07:00:00+02:00,2026-09-27 00:00:00+02:00,2026-09-26 07:00:00+02:00,548.5462112400008,542.9126900000003,-5.633521240000505
Region 2,2026-09-27 08:00:00+02:00,2026-09-27 00:00:00+02:00,2026-09-26 08:00:00+02:00,550.5548857399999,535.630556759999,-14.92432898000095
Region 2,2026-09-27 09:00:00+02:00,2026-09-27 00:00:00+02:00,2026-09-26 09:00:00+02:00,528.5890986100002,518.6621934600004,-9.926905149999811
Region 2,2026-09-27 10:00:00+02:00,2026-09-27 00:00:00+02:00,2026-09-26 10:00:00+02:00,514.5976131500004,507.37490182,-7.222711330000379
Region 2,2026-09-27 11:00:00+02:00,2026-09-27 00:00:00+02:00,2026-09-26 11:00:00+02:00,523.5097572000003,524.894077099999,1.3843198999986726
Region 2,2026-09-27 12:00:00+02:00,2026-09-27 00:00:00+02:00,2026-09-26 12:00:00+02:00,537.7866341399993,539.8514423100004,2.064808170001129
Region 2,2026-09-27 13:00:00+02:00,2026-09-27 00:00:00+02:00,2026-09-26 13:00:00+02:00,546.9129017000005,543.3964415699987,-3.5164601300017466
Region 2,2026-09-27 14:00:00+02:00,2026-09-27 00:00:00+02:00,2026-09-26 14:00:00+02:00,537.1851385499998,533.6072415900002,-3.5778969599996344
Region 2,2026-09-27 15:00:00+02:00,2026-09-27 00:00:00+02:00,2026-09-26 15:00:00+02:00,539.8788528099989,535.23303355,-4.645819259998916
Region 2,2026-09-27 16:00:00+02:00,2026-09-27 00:00:00+02:00,2026-09-26 16:00:00+02:00,553.6626354700006,549.0804515799989,-4.5821838900017156
Region 2,2026-09-27 17:00:00+02:00,2026-09-27 00:00:00+02:00,2026-09-26 17:00:00+02:00,586.005695740001,582.2491663899992,-3.756529350001756
Region 2,2026-09-27 18:00:00+02:00,2026-09-27 00:00:00+02:00,2026-09-26 18:00:00+02:00,609.2752589500006,611.5046547100006,2.2293957599999885
Region 2,2026-09-27 19:00:00+02:00,2026-09-27 00:00:00+02:00,2026-09-26 19:00:00+02:00,602.1156185299988,603.7287288299995,1.6131103000006988
Region 2,2026-09-27 20:00:00+02:00,2026-09-27 00:00:00+02:00,2026-09-26 20:00:00+02:00,548.6216430900005,546.7160983000012,-1.905544789999226
Region 2,2026-09-27 21:00:00+02:00,2026-09-27 00:00:00+02:00,2026-09-26 21:00:00+02:00,476.09852454999964,468.5809378199995,-7.517586730000119
Region 2,2026-09-27 22:00:00+02:00,2026-09-27 00:00:00+02:00,2026-09-26 22:00:00+02:00,410.3867411500002,411.4348788899993,1.048137739999106
Region 2,2026-09-27 23:00:00+02:00,2026-09-27 00:00:00+02:00,2026-09-26 23:00:00+02:00,381.52677885999975,376.0790471300002,-5.447731729999532
Region 2,2026-09-28 00:00:00+02:00,2026-09-28 00:00:00+02:00,2026-09-27 00:00:00+02:00,447.8886502300007,355.91080940999944,-91.97784082000123
Region 2,2026-09-28 01:00:00+02:00,2026-09-28 00:00:00+02:00,2026-09-27 01:00:00+02:00,445.0198809300001,357.0395943899997,-87.9802865400004
Region 2,2026-09-28 02:00:00+02:00,2026-09-28 00:00:00+02:00,2026-09-27 02:00:00+02:00,445.80916679000063,357.37179723,-88.4373695600006
Region 2,2026-09-28 03:00:00+02:00,2026-09-28 00:00:00+02:00,2026-09-27 03:00:00+02:00,449.69018934000013,357.18083037000025,-92.50935896999988
Region 2,2026-09-28 04:00:00+02:00,2026-09-28 00:00:00+02:00,2026-09-27 04:00:00+02:00,471.8876407599998,389.91862246,-81.96901829999979
Region 2,2026-09-28 05:00:00+02:00,2026-09-28 00:00:00+02:00,2026-09-27 05:00:00+02:00,530.1032541999999,434.7797899800005,-95.32346421999944
Region 2,2026-09-28 06:00:00+02:00,2026-09-28 00:00:00+02:00,2026-09-27 06:00:00+02:00,598.4565076699995,490.9474371800002,-107.50907048999932
Region 2,2026-09-28 07:00:00+02:00,2026-09-28 00:00:00+02:00,2026-09-27 07:00:00+02:00,657.1706293199989,548.5462112400008,-108.62441807999801
Region 2,2026-09-28 08:00:00+02:00,2026-09-28 00:00:00+02:00,2026-09-27 08:00:00+02:00,677.6007343200004,550.5548857399999,-127.04584858000044
Region 2,2026-09-28 09:00:00+02:00,2026-09-28 00:00:00+02:00,2026-09-27 09:00:00+02:00,684.5875711900013,528.5890986100002,-155.99847258000113
Region 2,2026-09-28 10:00:00+02:00,2026-09-28 00:00:00+02:00,2026-09-27 10:00:00+02:00,700.3288504199996,514.5976131500004,-185.73123726999927
Region 2,2026-09-28 11:00:00+02:00,2026-09-28 00:00:00+02:00,2026-09-27 11:00:00+02:00,735.9133808399996,523.5097572000003,-212.4036236399993
Region 2,2026-09-28 12:00:00+02:00,2026-09-28 00:00:00+02:00,2026-09-27 12:00:00+02:00,770.7504018599984,537.7866341399993,-232.96376771999917
Region 2,2026-09-28 13:00:00+02:00,2026-09-28 00:00:00+02:00,2026-09-27 13:00:00+02:00,780.1256372399989,546.9129017000005,-233.21273553999845
Region 2,2026-09-28 14:00:00+02:00,2026-09-28 00:00:00+02:00,2026-09-27 14:00:00+02:00,758.7375318899992,537.1851385499998,-221.5523933399994
Region 2,2026-09-28 15:00:00+02:00,2026-09-28 00:00:00+02:00,2026-09-27 15:00:00+02:00,735.9781577999998,539.8788528099989,-196.09930499000097
Region 2,2026-09-28 16:00:00+02:00,2026-09-28 00:00:00+02:00,2026-09-27 16:00:00+02:00,721.87063122,553.6626354700006,-168.20799574999933
Region 2,2026-09-28 17:00:00+02:00,2026-09-28 00:00:00+02:00,2026-09-27 17:00:00+02:00,722.6736655199998,586.005695740001,-136.66796977999877
Region 2,2026-09-28 18:00:00+02:00,2026-09-28 00:00:00+02:00,2026-09-27 18:00:00+02:00,735.6790303800016,609.2752589500006,-126.40377143000092
Region 2,2026-09-28 19:00:00+02:00,2026-09-28 00:00:00+02:00,2026-09-27 19:00:00+02:00,711.6971243199993,602.1156185299988,-109.5815057900005
Region 2,2026-09-28 20:00:00+02:00,2026-09-28 00:00:00+02:00,2026-09-27 20:00:00+02:00,644.4020179299996,548.6216430900005,-95.78037483999913
Region 2,2026-09-28 21:00:00+02:00,2026-09-28 00:00:00+02:00,2026-09-27 21:00:00+02:00,566.5091101799993,476.09852454999964,-90.41058562999967
Region 2,2026-09-28 22:00:00+02:00,2026-09-28 00:00:00+02:00,2026-09-27 22:00:00+02:00,508.29612599000023,410.3867411500002,-97.90938484000003
Region 2,2026-09-28 23:00:00+02:00,2026-09-28 00:00:00+02:00,2026-09-27 23:00:00+02:00,469.04941793999916,381.52677885999975,-87.52263907999941
Region 3,2026-09-22 00:00:00+02:00,2026-09-22 00:00:00+02:00,2026-09-21 00:00:00+02:00,474.8890553100003,469.93975918999973,-4.949296120000554
Region 3,2026-09-22 01:00:00+02:00,2026-09-22 00:00:00+02:00,2026-09-21 01:00:00+02:00,467.73358698,468.5493962999993,0.8158093199992891
Region 3,2026-09-22 02:00:00+02:00,2026-09-22 00:00:00+02:00,2026-09-21 02:00:00+02:00,473.76213188000014,471.77852222000035,-1.983609659999786
Region 3,2026-09-22 03:00:00+02:00,2026-09-22 00:00:00+02:00,2026-09-21 03:00:00+02:00,475.07455284999975,476.51453274999955,1.4399798999997984
Region 3,2026-09-22 04:00:00+02:00,2026-09-22 00:00:00+02:00,2026-09-21 04:00:00+02:00,499.0368568499994,494.0691452400005,-4.967711609998901
Region 3,2026-09-22 05:00:00+02:00,2026-09-22 00:00:00+02:00,2026-09-21 05:00:00+02:00,549.2964361599999,547.5140830700005,-1.782353089999333
Region 3,2026-09-22 06:00:00+02:00,2026-09-22 00:00:00+02:00,2026-09-21 06:00:00+02:00,618.1408950800007,606.3475895899996,-11.793305490001103
Region 3,2026-09-22 07:00:00+02:00,2026-09-22 00:00:00+02:00,2026-09-21 07:00:00+02:00,659.3643519099999,669.6533572099988,10.289005299998962
Region 3,2026-09-22 08:00:00+02:00,2026-09-22 00:00:00+02:00,2026-09-21 08:00:00+02:00,687.678711389999,691.9469971099998,4.26828572000079
Region 3,2026-09-22 09:00:00+02:00,2026-09-22 00:00:00+02:00,2026-09-21 09:00:00+02:00,686.3957175300004,692.3433697800003,5.947652249999919
Region 3,2026-09-22 10:00:00+02:00,2026-09-22 00:00:00+02:00,2026-09-21 10:00:00+02:00,713.004393310001,699.2692220099999,-13.73517130000107
Region 3,2026-09-22 11:00:00+02:00,2026-09-22 00:00:00+02:00,2026-09-21 11:00:00+02:00,741.85878436,743.1307193399989,1.271934979998946
Region 3,2026-09-22 12:00:00+02:00,2026-09-22 00:00:00+02:00,2026-09-21 12:00:00+02:00,753.1075921599996,767.7723122899997,14.664720130000092
Region 3,2026-09-22 13:00:00+02:00,2026-09-22 00:00:00+02:00,2026-09-21 13:00:00+02:00,770.8595213600006,776.4125215700017,5.553000210001073
Region 3,2026-09-22 14:00:00+02:00,2026-09-22 00:00:00+02:00,2026-09-21 14:00:00+02:00,757.4282274800007,748.6260495600006,-8.802177920000076
Region 3,2026-09-22 15:00:00+02:00,2026-09-22 00:00:00+02:00,2026-09-21 15:00:00+02:00,732.2780243999989,733.0551614900015,0.7771370900026113
Region 3,2026-09-22 16:00:00+02:00,2026-09-22 00:00:00+02:00,2026-09-21 16:00:00+02:00,722.477993700001,720.4525055499996,-2.0254881500013653
Region 3,2026-09-22 17:00:00+02:00,2026-09-22 00:00:00+02:00,2026-09-21 17:00:00+02:00,726.761761749999,727.6817813400011,0.9200195900020844
Region 3,2026-09-22 18:00:00+02:00,2026-09-22 00:00:00+02:00,2026-09-21 18:00:00+02:00,738.8949213499994,740.8764193599998,1.9814980100003368
Region 3,2026-09-22 19:00:00+02:00,2026-09-22 00:00:00+02:00,2026-09-21 19:00:00+02:00,716.36233377,716.5318666600009,0.1695328900009372
Region 3,2026-09-22 20:00:00+02:00,2026-09-22 00:00:00+02:00,2026-09-21 20:00:00+02:00,666.0833752900012,652.0560685299997,-14.027306760001466
Region 3,2026-09-22 21:00:00+02:00,2026-09-22 00:00:00+02:00,2026-09-21 21:00:00+02:00,581.6985064699993,588.9166311000004,7.218124630001057
Region 3,2026-09-22 22:00:00+02:00,2026-09-22 00:00:00+02:00,2026-09-21 22:00:00+02:00,532.0349318999996,521.3077007700001,-10.727231129999495
Region 3,2026-09-22 23:00:00+02:00,2026-09-22 00:00:00+02:00,2026-09-21 23:00:00+02:00,495.6005604400001,485.6754777999998,-9.925082640000312
Region 3,2026-09-23 00:00:00+02:00,2026-09-23 00:00:00+02:00,2026-09-22 00:00:00+02:00,475.3073824100001,474.8890553100003,-0.41832709999982853
Region 3,2026-09-23 01:00:00+02:00,2026-09-23 00:00:00+02:00,2026-09-22 01:00:00+02:00,470.9104535000004,467.73358698,-3.1768665200004307
Region 3,2026-09-23 02:00:00+02:00,2026-09-23 00:00:00+02:00,2026-09-22 02:00:00+02:00,473.06446828999964,473.76213188000014,0.6976635900005022
Region 3,2026-09-23 03:00:00+02:00,2026-09-23 00:00:00+02:00,2026-09-22 03:00:00+02:00,482.08545349999997,475.07455284999975,-7.010900650000224
Region 3,2026-09-23 04:00:00+02:00,2026-09-23 00:00:00+02:00,2026-09-22 04:00:00+02:00,493.0759675000002,499.0368568499994,5.960889349999206
Region 3,2026-09-23 05:00:00+02:00,2026-09-23 00:00:00+02:00,2026-09-22 05:00:00+02:00,542.1312153700001,549.2964361599999,7.1652207899998075
Region 3,2026-09-23 06:00:00+02:00,2026-09-23 00:00:00+02:00,2026-09-22 06:00:00+02:00,618.4412641999988,618.1408950800007,-0.3003691199980949
Region 3,2026-09-23 07:00:00+02:00,2026-09-23 00:00:00+02:00,2026-09-22 07:00:00+02:00,677.5900394700005,659.3643519099999,-18.225687560000665
Region 3,2026-09-23 08:00:00+02:00,2026-09-23 00:00:00+02:00,2026-09-22 08:00:00+02:00,689.1541217900007,687.678711389999,-1.4754104000016923
Region 3,2026-09-23 09:00:00+02:00,2026-09-23 00:00:00+02:00,2026-09-22 09:00:00+02:00,692.5730007999994,686.3957175300004,-6.177283269998952
Region 3,2026-09-23 10:00:00+02:00,2026-09-23 00:00:00+02:00,2026-09-22 10:00:00+02:00,710.1427803299988,713.004393310001,2.861612980002178
Region 3,2026-09-23 11:00:00+02:00,2026-09-23 00:00:00+02:00,2026-09-22 11:00:00+02:00,738.9823081099996,741.85878436,2.876476250000337
Region 3,2026-09-23 12:00:00+02:00,2026-09-23 00:00:00+02:00,2026-09-22 12:00:00+02:00,764.8596495400004,753.1075921599996,-11.752057380000792
Region 3,2026-09-23 13:00:00+02:00,2026-09-23 00:00:00+02:00,2026-09-22 13:00:00+02:00,769.3833237199993,770.8595213600006,1.47619764000126
Region 3,2026-09-23 14:00:00+02:00,2026-09-23 00:00:00+02:00,2026-09-22 14:00:00+02:00,762.6297328999998,757.4282274800007,-5.20150541999908
Region 3,2026-09-23 15:00:00+02:00,2026-09-23 00:00:00+02:00,2026-09-22 15:00:00+02:00,738.6267719800001,732.2780243999989,-6.348747580001145
Region 3,2026-09-23 16:00:00+02:00,2026-09-23 00:00:00+02:00,2026-09-22 16:00:00+02:00,725.7409419499999,722.477993700001,-3.2629482499988853
Region 3,2026-09-23 17:00:00+02:00,2026-09-23 00:00:00+02:00,2026-09-22 17:00:00+02:00,728.9440206700012,726.761761749999,-2.182258920002255
Region 3,2026-09-23 18:00:00+02:00,2026-09-23 00:00:00+02:00,2026-09-22 18:00:00+02:00,739.0230857299994,738.8949213499994,-0.12816437999993013
Region 3,2026-09-23 19:00:00+02:00,2026-09-23 00:00:00+02:00,2026-09-22 19:00:00+02:00,720.6047345700003,716.36233377,-4.242400800000382
Region 3,2026-09-23 20:00:00+02:00,2026-09-23 00:00:00+02:00,2026-09-22 20:00:00+02:00,664.6908687299992,666.0833752900012,1.392506560001948
Region 3,2026-09-23 21:00:00+02:00,2026-09-23 00:00:00+02:00,2026-09-22 21:00:00+02:00,590.0442453099997,581.6985064699993,-8.345738840000422
Region 3,2026-09-23 22:00:00+02:00,2026-09-23 00:00:00+02:00,2026-09-22 22:00:00+02:00,533.8957367800008,532.0349318999996,-1.860804880001183
Region 3,2026-09-23 23:00:00+02:00,2026-09-23 00:00:00+02:00,2026-09-22 23:00:00+02:00,487.86291979999964,495.6005604400001,7.73764064000045
Region 3,2026-09-24 00:00:00+02:00,2026-09-24 00:00:00+02:00,2026-09-23 00:00:00+02:00,465.9989565299992,475.3073824100001,9.308425880000925
Region 3,2026-09-24 01:00:00+02:00,2026-09-24 00:00:00+02:00,2026-09-23 01:00:00+02:00,475.7673594600002,470.9104535000004,-4.856905959999779
Region 3,2026-09-24 02:00:00+02:00,2026-09-24 00:00:00+02:00,2026-09-23 02:00:00+02:00,463.2951627800001,473.06446828999964,9.769305509999526
Region 3,2026-09-24 03:00:00+02:00,2026-09-24 00:00:00+02:00,2026-09-23 03:00:00+02:00,474.68590063999966,482.08545349999997,7.399552860000313
Region 3,2026-09-24 04:00:00+02:00,2026-09-24 00:00:00+02:00,2026-09-23 04:00:00+02:00,506.3623733500003,493.0759675000002,-13.286405850000108
Region 3,2026-09-24 05:00:00+02:00,2026-09-24 00:00:00+02:00,2026-09-23 05:00:00+02:00,542.9261839100012,542.1312153700001,-0.7949685400011504
Region 3,2026-09-24 06:00:00+02:00,2026-09-24 00:00:00+02:00,2026-09-23 06:00:00+02:00,614.2724003299994,618.4412641999988,4.168863869999427
Region 3,2026-09-24 07:00:00+02:00,2026-09-24 00:00:00+02:00,2026-09-23 07:00:00+02:00,672.5068532500004,677.5900394700005,5.08318622000013
Region 3,2026-09-24 08:00:00+02:00,2026-09-24 00:00:00+02:00,2026-09-23 08:00:00+02:00,695.5588125300014,689.1541217900007,-6.404690740000774
Region 3,2026-09-24 09:00:00+02:00,2026-09-24 00:00:00+02:00,2026-09-23 09:00:00+02:00,687.4733466899999,692.5730007999994,5.099654109999506
Region 3,2026-09-24 10:00:00+02:00,2026-09-24 00:00:00+02:00,2026-09-23 10:00:00+02:00,715.6514303600003,710.1427803299988,-5.5086500300014904
Region 3,2026-09-24 11:00:00+02:00,2026-09-24 00:00:00+02:00,2026-09-23 11:00:00+02:00,751.0164397600007,738.9823081099996,-12.034131650001086
Region 3,2026-09-24 12:00:00+02:00,2026-09-24 00:00:00+02:00,2026-09-23 12:00:00+02:00,769.0550364000007,764.8596495400004,-4.195386860000326
Region 3,2026-09-24 13:00:00+02:00,2026-09-24 00:00:00+02:00,2026-09-23 13:00:00+02:00,776.8793928799997,769.3833237199993,-7.496069160000388
Region 3,2026-09-24 14:00:00+02:00,2026-09-24 00:00:00+02:00,2026-09-23 14:00:00+02:00,768.6228535699998,762.6297328999998,-5.993120670000053
Region 3,2026-09-24 15:00:00+02:00,2026-09-24 00:00:00+02:00,2026-09-23 15:00:00+02:00,733.2081396900012,738.6267719800001,5.418632289998868
Region 3,2026-09-24 16:00:00+02:00,2026-09-24 00:00:00+02:00,2026-09-23 16:00:00+02:00,714.2814531999987,725.7409419499999,11.459488750001128
Region 3,2026-09-24 17:00:00+02:00,2026-09-24 00:00:00+02:00,2026-09-23 17:00:00+02:00,740.7200555800008,728.9440206700012,-11.776034909999566
Region 3,2026-09-24 18:00:00+02:00,2026-09-24 00:00:00+02:00,2026-09-23 18:00:00+02:00,747.49566463,739.0230857299994,-8.472578900000599
Region 3,2026-09-24 19:00:00+02:00,2026-09-24 00:00:00+02:00,2026-09-23 19:00:00+02:00,709.6195540600005,720.6047345700003,10.98518050999985
Region 3,2026-09-24 20:00:00+02:00,2026-09-24 00:00:00+02:00,2026-09-23 20:00:00+02:00,663.1205251300001,664.6908687299992,1.5703435999990916
Region 3,2026-09-24 21:00:00+02:00,2026-09-24 00:00:00+02:00,2026-09-23 21:00:00+02:00,585.2104769799988,590.0442453099997,4.8337683300009076
Region 3,2026-09-24 22:00:00+02:00,2026-09-24 00:00:00+02:00,2026-09-23 22:00:00+02:00,532.3308927999997,533.8957367800008,1.5648439800011147
Region 3,2026-09-24 23:00:00+02:00,2026-09-24 00:00:00+02:00,2026-09-23 23:00:00+02:00,485.67492919999984,487.86291979999964,2.1879905999998073
Region 3,2026-09-25 00:00:00+02:00,2026-09-25 00:00:00+02:00,2026-09-24 00:00:00+02:00,474.70733447000066,465.9989565299992,-8.70837794000147
Region 3,2026-09-25 01:00:00+02:00,2026-09-25 00:00:00+02:00,2026-09-24 01:00:00+02:00,475.28454097999986,475.7673594600002,0.4828184800003328
Region 3,2026-09-25 02:00:00+02:00,2026-09-25 00:00:00+02:00,2026-09-24 02:00:00+02:00,478.26449098000074,463.2951627800001,-14.969328200000632
Region 3,2026-09-25 03:00:00+02:00,2026-09-25 00:00:00+02:00,2026-09-24 03:00:00+02:00,487.69936127000005,474.68590063999966,-13.013460630000395
Region 3,2026-09-25 04:00:00+02:00,2026-09-25 00:00:00+02:00,2026-09-24 04:00:00+02:00,502.2834836100002,506.3623733500003,4.078889740000136
Region 3,2026-09-25 05:00:00+02:00,2026-09-25 00:00:00+02:00,2026-09-24 05:00:00+02:00,554.3304973599995,542.9261839100012,-11.404313449998313
Region 3,2026-09-25 06:00:00+02:00,2026-09-25 00:00:00+02:00,2026-09-24 06:00:00+02:00,613.9034541299997,614.2724003299994,0.36894619999975475
Region 3,2026-09-25 07:00:00+02:00,2026-09-25 00:00:00+02:00,2026-09-24 07:00:00+02:00,685.2611437599993,672.5068532500004,-12.754290509998896
Region 3,2026-09-25 08:00:00+02:00,2026-09-25 00:00:00+02:00,2026-09-24 08:00:00+02:00,693.8556981799998,695.5588125300014,1.7031143500016697
Region 3,2026-09-25 09:00:00+02:00,2026-09-25 00:00:00+02:00,2026-09-24 09:00:00+02:00,698.7894924200004,687.4733466899999,-11.316145730000585
Region 3,2026-09-25 10:00:00+02:00,2026-09-25 00:00:00+02:00,2026-09-24 10:00:00+02:00,711.5032854100009,715.6514303600003,4.148144949999391
Region 3,2026-09-25 11:00:00+02:00,2026-09-25 00:00:00+02:00,2026-09-24 11:00:00+02:00,750.959323670001,751.0164397600007,0.05711608999968121
Region 3,2026-09-25 12:00:00+02:00,2026-09-25 00:00:00+02:00,2026-09-24 12:00:00+02:00,780.5289417400014,769.0550364000007,-11.47390534000067
Region 3,2026-09-25 13:00:00+02:00,2026-09-25 00:00:00+02:00,2026-09-24 13:00:00+02:00,777.984392940001,776.8793928799997,-1.1050000600013163
Region 3,2026-09-25 14:00:00+02:00,2026-09-25 00:00:00+02:00,2026-09-24 14:00:00+02:00,770.1030233000004,768.6228535699998,-1.4801697300005117
Region 3,2026-09-25 15:00:00+02:00,2026-09-25 00:00:00+02:00,2026-09-24 15:00:00+02:00,736.5662376900024,733.2081396900012,-3.3580980000011778
Region 3,2026-09-25 16:00:00+02:00,2026-09-25 00:00:00+02:00,2026-09-24 16:00:00+02:00,731.0532946700001,714.2814531999987,-16.77184147000139
Region 3,2026-09-25 17:00:00+02:00,2026-09-25 00:00:00+02:00,2026-09-24 17:00:00+02:00,729.0891648200002,740.7200555800008,11.630890760000625
Region 3,2026-09-25 18:00:00+02:00,2026-09-25 00:00:00+02:00,2026-09-24 18:00:00+02:00,749.5141802099995,747.49566463,-2.01851557999953
Region 3,2026-09-25 19:00:00+02:00,2026-09-25 00:00:00+02:00,2026-09-24 19:00:00+02:00,714.8064657199991,709.6195540600005,-5.1869116599986
Region 3,2026-09-25 20:00:00+02:00,2026-09-25 00:00:00+02:00,2026-09-24 20:00:00+02:00,657.3280662299999,663.1205251300001,5.79245890000027
Region 3,2026-09-25 21:00:00+02:00,2026-09-25 00:00:00+02:00,2026-09-24 21:00:00+02:00,591.624882399999,585.2104769799988,-6.414405420000207
Region 3,2026-09-25 22:00:00+02:00,2026-09-25 00:00:00+02:00,2026-09-24 22:00:00+02:00,534.4553451500001,532.3308927999997,-2.1244523500004107
Region 3,2026-09-25 23:00:00+02:00,2026-09-25 00:00:00+02:00,2026-09-24 23:00:00+02:00,499.1841224800008,485.67492919999984,-13.509193280000943
Region 3,2026-09-26 00:00:00+02:00,2026-09-26 00:00:00+02:00,2026-09-25 00:00:00+02:00,380.80716425999987,474.70733447000066,93.9001702100008
Region 3,2026-09-26 01:00:00+02:00,2026-09-26 00:00:00+02:00,2026-09-25 01:00:00+02:00,383.30449231,475.28454097999986,91.98004866999986
Region 3,2026-09-26 02:00:00+02:00,2026-09-26 00:00:00+02:00,2026-09-25 02:00:00+02:00,386.71286907000064,478.26449098000074,91.55162191000011
Region 3,2026-09-26 03:00:00+02:00,2026-09-26 00:00:00+02:00,2026-09-25 03:00:00+02:00,389.4590092500001,487.69936127000005,98.24035201999993
Region 3,2026-09-26 04:00:00+02:00,2026-09-26 00:00:00+02:00,2026-09-25 04:00:00+02:00,407.83045718999995,502.2834836100002,94.45302642000024
Region 3,2026-09-26 05:00:00+02:00,2026-09-26 00:00:00+02:00,2026-09-25 05:00:00+02:00,453.06117590999975,554.3304973599995,101.26932144999978
Region 3,2026-09-26 06:00:00+02:00,2026-09-26 00:00:00+02:00,2026-09-25 06:00:00+02:00,516.1606304799999,613.9034541299997,97.74282364999976
Region 3,2026-09-26 07:00:00+02:00,2026-09-26 00:00:00+02:00,2026-09-25 07:00:00+02:00,564.1855470500004,685.2611437599993,121.07559670999888
Region 3,2026-09-26 08:00:00+02:00,2026-09-26 00:00:00+02:00,2026-09-25 08:00:00+02:00,564.8593594399999,693.8556981799998,128.99633873999983
Region 3,2026-09-26 09:00:00+02:00,2026-09-26 00:00:00+02:00,2026-09-25 09:00:00+02:00,541.06568618,698.7894924200004,157.7238062400005
Region 3,2026-09-26 10:00:00+02:00,2026-09-26 00:00:00+02:00,2026-09-25 10:00:00+02:00,524.84666281,711.5032854100009,186.6566226000009
Region 3,2026-09-26 11:00:00+02:00,2026-09-26 00:00:00+02:00,2026-09-25 11:00:00+02:00,534.2176765400005,750.959323670001,216.7416471300005
Region 3,2026-09-26 12:00:00+02:00,2026-09-26 00:00:00+02:00,2026-09-25 12:00:00+02:00,552.3929086100005,780.5289417400014,228.1360331300009
Region 3,2026-09-26 13:00:00+02:00,2026-09-26 00:00:00+02:00,2026-09-25 13:00:00+02:00,552.0385079900011,777.984392940001,225.94588494999994
Region 3,2026-09-26 14:00:00+02:00,2026-09-26 00:00:00+02:00,2026-09-25 14:00:00+02:00,550.5084601199999,770.1030233000004,219.59456318000048
Region 3,2026-09-26 15:00:00+02:00,2026-09-26 00:00:00+02:00,2026-09-25 15:00:00+02:00,550.3287687599998,736.5662376900024,186.2374689300026
Region 3,2026-09-26 16:00:00+02:00,2026-09-26 00:00:00+02:00,2026-09-25 16:00:00+02:00,569.5245229499993,731.0532946700001,161.5287717200008
Region 3,2026-09-26 17:00:00+02:00,2026-09-26 00:00:00+02:00,2026-09-25 17:00:00+02:00,600.4986481099993,729.0891648200002,128.59051671000088
Region 3,2026-09-26 18:00:00+02:00,2026-09-26 00:00:00+02:00,2026-09-25 18:00:00+02:00,627.6526924899988,749.5141802099995,121.8614877200007
Region 3,2026-09-26 19:00:00+02:00,2026-09-26 00:00:00+02:00,2026-09-25 19:00:00+02:00,614.3481196900003,714.8064657199991,100.45834602999878
Region 3,2026-09-26 20:00:00+02:00,2026-09-26 00:00:00+02:00,2026-09-25 20:00:00+02:00,566.7550851899992,657.3280662299999,90.57298104000063
Region 3,2026-09-26 21:00:00+02:00,2026-09-26 00:00:00+02:00,2026-09-25 21:00:00+02:00,499.53095567000054,591.624882399999,92.09392672999849
Region 3,2026-09-26 22:00:00+02:00,2026-09-26 00:00:00+02:00,2026-09-25 22:00:00+02:00,434.99056967000047,534.4553451500001,99.46477547999962
Region 3,2026-09-26 23:00:00+02:00,2026-09-26 00:00:00+02:00,2026-09-25 23:00:00+02:00,404.01233492000074,499.1841224800008,95.17178756000004
Region 3,2026-09-27 00:00:00+02:00,2026-09-27 00:00:00+02:00,2026-09-26 00:00:00+02:00,382.12269240000046,380.80716425999987,-1.3155281400005947
Region 3,2026-09-27 01:00:00+02:00,2026-09-27 00:00:00+02:00,2026-09-26 01:00:00+02:00,383.7101671800001,383.30449231,-0.40567487000009805
Region 3,2026-09-27 02:00:00+02:00,2026-09-27 00:00:00+02:00,2026-09-26 02:00:00+02:00,387.0093568700001,386.71286907000064,-0.2964877999994542
Region 3,2026-09-27 03:00:00+02:00,2026-09-27 00:00:00+02:00,2026-09-26 03:00:00+02:00,386.87740411000084,389.4590092500001,2.581605139999283
Region 3,2026-09-27 04:00:00+02:00,2026-09-27 00:00:00+02:00,2026-09-26 04:00:00+02:00,414.47941048,407.83045718999995,-6.648953290000065
Region 3,2026-09-27 05:00:00+02:00,2026-09-27 00:00:00+02:00,2026-09-26 05:00:00+02:00,451.6073588099999,453.06117590999975,1.453817099999867
Region 3,2026-09-27 06:00:00+02:00,2026-09-27 00:00:00+02:00,2026-09-26 06:00:00+02:00,516.5027147699997,516.1606304799999,-0.34208428999977514
Region 3,2026-09-27 07:00:00+02:00,2026-09-27 00:00:00+02:00,2026-09-26 07:00:00+02:00,561.1981016000011,564.1855470500004,2.9874454499993135
Region 3,2026-09-27 08:00:00+02:00,2026-09-27 00:00:00+02:00,2026-09-26 08:00:00+02:00,563.064854789999,564.8593594399999,1.7945046500009312
Region 3,2026-09-27 09:00:00+02:00,2026-09-27 00:00:00+02:00,2026-09-26 09:00:00+02:00,538.9503683999994,541.06568618,2.1153177800005096
Region 3,2026-09-27 10:00:00+02:00,2026-09-27 00:00:00+02:00,2026-09-26 10:00:00+02:00,529.3322537800008,524.84666281,-4.4855909700007714
Region 3,2026-09-27 11:00:00+02:00,2026-09-27 00:00:00+02:00,2026-09-26 11:00:00+02:00,541.0681190400007,534.2176765400005,-6.850442500000213
Region 3,2026-09-27 12:00:00+02:00,2026-09-27 00:00:00+02:00,2026-09-26 12:00:00+02:00,549.1728970599995,552.3929086100005,3.2200115500010043
Region 3,2026-09-27 13:00:00+02:00,2026-09-27 00:00:00+02:00,2026-09-26 13:00:00+02:00,554.6851627000005,552.0385079900011,-2.6466547099994386
Region 3,2026-09-27 14:00:00+02:00,2026-09-27 00:00:00+02:00,2026-09-26 14:00:00+02:00,541.0160297899985,550.5084601199999,9.492430330001412
Region 3,2026-09-27 15:00:00+02:00,2026-09-27 00:00:00+02:00,2026-09-26 15:00:00+02:00,546.2168170399996,550.3287687599998,4.1119517200002065
Region 3,2026-09-27 16:00:00+02:00,2026-09-27 00:00:00+02:00,2026-09-26 16:00:00+02:00,568.0661924099992,569.5245229499993,1.4583305400001336
Region 3,2026-09-27 17:00:00+02:00,2026-09-27 00:00:00+02:00,2026-09-26 17:00:00+02:00,601.3984493600004,600.4986481099993,-0.8998012500011328
Region 3,2026-09-27 18:00:00+02:00,2026-09-27 00:00:00+02:00,2026-09-26 18:00:00+02:00,628.3147379900001,627.6526924899988,-0.6620455000013408
Region 3,2026-09-27 19:00:00+02:00,2026-09-27 00:00:00+02:00,2026-09-26 19:00:00+02:00,615.0394381900006,614.3481196900003,-0.6913185000003068
Region 3,2026-09-27 20:00:00+02:00,2026-09-27 00:00:00+02:00,2026-09-26 20:00:00+02:00,568.8007008600002,566.7550851899992,-2.045615670000984
Region 3,2026-09-27 21:00:00+02:00,2026-09-27 00:00:00+02:00,2026-09-26 21:00:00+02:00,500.6952178700008,499.53095567000054,-1.1642622000002802
Region 3,2026-09-27 22:00:00+02:00,2026-09-27 00:00:00+02:00,2026-09-26 22:00:00+02:00,437.51590897999927,434.99056967000047,-2.525339309998799
Region 3,2026-09-27 23:00:00+02:00,2026-09-27 00:00:00+02:00,2026-09-26 23:00:00+02:00,401.24564598999984,404.01233492000074,2.766688930000896
Region 3,2026-09-28 00:00:00+02:00,2026-09-28 00:00:00+02:00,2026-09-27 00:00:00+02:00,475.6726811800002,382.12269240000046,-93.54998877999975
Region 3,2026-09-28 01:00:00+02:00,2026-09-28 00:00:00+02:00,2026-09-27 01:00:00+02:00,483.2824288199997,383.7101671800001,-99.57226163999962
Region 3,2026-09-28 02:00:00+02:00,2026-09-28 00:00:00+02:00,2026-09-27 02:00:00+02:00,477.2612760399999,387.0093568700001,-90.25191916999984
Region 3,2026-09-28 03:00:00+02:00,2026-09-28 00:00:00+02:00,2026-09-27 03:00:00+02:00,481.04285577999974,386.87740411000084,-94.1654516699989
Region 3,2026-09-28 04:00:00+02:00,2026-09-28 00:00:00+02:00,2026-09-27 04:00:00+02:00,506.4553200000001,414.47941048,-91.97590952000007
Region 3,2026-09-28 05:00:00+02:00,2026-09-28 00:00:00+02:00,2026-09-27 05:00:00+02:00,554.8864105,451.6073588099999,-103.27905169000013
Region 3,2026-09-28 06:00:00+02:00,2026-09-28 00:00:00+02:00,2026-09-27 06:00:00+02:00,621.7799883199993,516.5027147699997,-105.27727354999968
Region 3,2026-09-28 07:00:00+02:00,2026-09-28 00:00:00+02:00,2026-09-27 07:00:00+02:00,680.7256757200003,561.1981016000011,-119.52757411999914
Region 3,2026-09-28 08:00:00+02:00,2026-09-28 00:00:00+02:00,2026-09-27 08:00:00+02:00,703.9448128499988,563.064854789999,-140.8799580599998
Region 3,2026-09-28 09:00:00+02:00,2026-09-28 00:00:00+02:00,2026-09-27 09:00:00+02:00,697.7509326000007,538.9503683999994,-158.8005642000013
Region 3,2026-09-28 10:00:00+02:00,2026-09-28 00:00:00+02:00,2026-09-27 10:00:00+02:00,717.0230865200008,529.3322537800008,-187.69083274000002
Region 3,2026-09-28 11:00:00+02:00,2026-09-28 00:00:00+02:00,2026-09-27 11:00:00+02:00,750.1632892300006,541.0681190400007,-209.09517018999986
Region 3,2026-09-28 12:00:00+02:00,2026-09-28 00:00:00+02:00,2026-09-27 12:00:00+02:00,778.7653374399996,549.1728970599995,-229.59244038000008
Region 3,2026-09-28 13:00:00+02:00,2026-09-28 00:00:00+02:00,2026-09-27 13:00:00+02:00,783.0009856800001,554.6851627000005,-228.31582297999955
Region 3,2026-09-28 14:00:00+02:00,2026-09-28 00:00:00+02:00,2026-09-27 14:00:00+02:00,767.9569189200009,541.0160297899985,-226.94088913000246
Region 3,2026-09-28 15:00:00+02:00,2026-09-28 00:00:00+02:00,2026-09-27 15:00:00+02:00,745.04116828,546.2168170399996,-198.8243512400004
Region 3,2026-09-28 16:00:00+02:00,2026-09-28 00:00:00+02:00,2026-09-27 16:00:00+02:00,732.8534254700011,568.0661924099992,-164.78723306000188
Region 3,2026-09-28 17:00:00+02:00,2026-09-28 00:00:00+02:00,2026-09-27 17:00:00+02:00,747.67808633,601.3984493600004,-146.27963696999961
Region 3,2026-09-28 18:00:00+02:00,2026-09-28 00:00:00+02:00,2026-09-27 18:00:00+02:00,753.8349641800002,628.3147379900001,-125.52022619000002
Region 3,2026-09-28 19:00:00+02:00,2026-09-28 00:00:00+02:00,2026-09-27 19:00:00+02:00,728.0199128600007,615.0394381900006,-112.98047467000004
Region 3,2026-09-28 20:00:00+02:00,2026-09-28 00:00:00+02:00,2026-09-27 20:00:00+02:00,667.5442781499996,568.8007008600002,-98.7435772899994
Region 3,2026-09-28 21:00:00+02:00,2026-09-28 00:00:00+02:00,2026-09-27 21:00:00+02:00,591.5237843500004,500.6952178700008,-90.82856647999955
Region 3,2026-09-28 22:00:00+02:00,2026-09-28 00:00:00+02:00,2026-09-27 22:00:00+02:00,537.2279076400006,437.51590897999927,-99.71199866000131
Region 3,2026-09-28 23:00:00+02:00,2026-09-28 00:00:00+02:00,2026-09-27 23:00:00+02:00,500.47863401999973,401.24564598999984,-99.23298802999989
Region 4,2026-09-22 00:00:00+02:00,2026-09-22 00:00:00+02:00,2026-09-21 00:00:00+02:00,362.4117350199997,360.47483981000056,-1.9368952099991361
Region 4,2026-09-22 01:00:00+02:00,2026-09-22 00:00:00+02:00,2026-09-21 01:00:00+02:00,356.29420624000016,356.62559719999996,0.3313909599997942
Region 4,2026-09-22 02:00:00+02:00,2026-09-22 00:00:00+02:00,2026-09-21 02:00:00+02:00,362.7789327099995,358.0939473699992,-4.684985340000253
Region 4,2026-09-22 03:00:00+02:00,2026-09-22 00:00:00+02:00,2026-09-21 03:00:00+02:00,368.9328747199997,359.51321398000044,-9.419660739999244
Region 4,2026-09-22 04:00:00+02:00,2026-09-22 00:00:00+02:00,2026-09-21 04:00:00+02:00,385.4138840400003,389.10875635000025,3.694872309999937
Region 4,2026-09-22 05:00:00+02:00,2026-09-22 00:00:00+02:00,2026-09-21 05:00:00+02:00,442.8590079000008,433.8265058300002,-9.03250207000059
Region 4,2026-09-22 06:00:00+02:00,2026-09-22 00:00:00+02:00,2026-09-21 06:00:00+02:00,509.11975845999973,509.03747258999994,-0.0822858699997937
Region 4,2026-09-22 07:00:00+02:00,2026-09-22 00:00:00+02:00,2026-09-21 07:00:00+02:00,569.4968011199999,568.9940526400012,-0.5027484799986723
Region 4,2026-09-22 08:00:00+02:00,2026-09-22 00:00:00+02:00,2026-09-21 08:00:00+02:00,587.4381694399998,581.472818120001,-5.965351319998831
Region 4,2026-09-22 09:00:00+02:00,2026-09-22 00:00:00+02:00,2026-09-21 09:00:00+02:00,584.85239961,578.7049958599999,-6.14740375000008
Region 4,2026-09-22 10:00:00+02:00,2026-09-22 00:00:00+02:00,2026-09-21 10:00:00+02:00,579.8383022400016,588.32445959,8.486157349998393
Region 4,2026-09-22 11:00:00+02:00,2026-09-22 00:00:00+02:00,2026-09-21 11:00:00+02:00,614.5528570199999,607.6361055000007,-6.916751519999252
Region 4,2026-09-22 12:00:00+02:00,2026-09-22 00:00:00+02:00,2026-09-21 12:00:00+02:00,646.6761478800004,637.18664931,-9.489498570000364
Region 4,2026-09-22 13:00:00+02:00,2026-09-22 00:00:00+02:00,2026-09-21 13:00:00+02:00,639.3734457999998,639.4227978599998,0.04935206000004655
Region 4,2026-09-22 14:00:00+02:00,2026-09-22 00:00:00+02:00,2026-09-21 14:00:00+02:00,630.5412731599987,625.1418022400007,-5.3994709199979525
Region 4,2026-09-22 15:00:00+02:00,2026-09-22 00:00:00+02:00,2026-09-21 15:00:00+02:00,611.9827960899996,611.8619151300007,-0.12088095999888537
Region 4,2026-09-22 16:00:00+02:00,2026-09-22 00:00:00+02:00,2026-09-21 16:00:00+02:00,610.7895554799993,612.0067048200001,1.2171493400007876
Region 4,2026-09-22 17:00:00+02:00,2026-09-22 00:00:00+02:00,2026-09-21 17:00:00+02:00,633.7272080099999,623.62371598,-10.10349202999987
Region 4,2026-09-22 18:00:00+02:00,2026-09-22 00:00:00+02:00,2026-09-21 18:00:00+02:00,640.7899611500002,643.0762082099993,2.286247059999141
Region 4,2026-09-22 19:00:00+02:00,2026-09-22 00:00:00+02:00,2026-09-21 19:00:00+02:00,621.7862733200005,615.5829962399994,-6.203277080001158
Region 4,2026-09-22 20:00:00+02:00,2026-09-22 00:00:00+02:00,2026-09-21 20:00:00+02:00,558.7565919399996,550.3549922699999,-8.401599669999655
Region 4,2026-09-22 21:00:00+02:00,2026-09-22 00:00:00+02:00,2026-09-21 21:00:00+02:00,481.08247941999946,487.84303429999994,6.760554880000484
Region 4,2026-09-22 22:00:00+02:00,2026-09-22 00:00:00+02:00,2026-09-21 22:00:00+02:00,416.09031229000027,410.1782660900001,-5.912046200000191
Region 4,2026-09-22 23:00:00+02:00,2026-09-22 00:00:00+02:00,2026-09-21 23:00:00+02:00,380.1106191899996,378.5172239800005,-1.5933952099991302
Region 4,2026-09-23 00:00:00+02:00,2026-09-23 00:00:00+02:00,2026-09-22 00:00:00+02:00,360.72482966,362.4117350199997,1.6869053599996846
Region 4,2026-09-23 01:00:00+02:00,2026-09-23 00:00:00+02:00,2026-09-22 01:00:00+02:00,355.4661575599999,356.29420624000016,0.8280486800002791
Region 4,2026-09-23 02:00:00+02:00,2026-09-23 00:00:00+02:00,2026-09-22 02:00:00+02:00,355.0708403000001,362.7789327099995,7.708092409999381
Region 4,2026-09-23 03:00:00+02:00,2026-09-23 00:00:00+02:00,2026-09-22 03:00:00+02:00,365.44124091000043,368.9328747199997,3.491633809999257
Region 4,2026-09-23 04:00:00+02:00,2026-09-23 00:00:00+02:00,2026-09-22 04:00:00+02:00,389.9563146600002,385.4138840400003,-4.542430619999891
Region 4,2026-09-23 05:00:00+02:00,2026-09-23 00:00:00+02:00,2026-09-22 05:00:00+02:00,443.31436734,442.8590079000008,-0.45535943999919937
Region 4,2026-09-23 06:00:00+02:00,2026-09-23 00:00:00+02:00,2026-09-22 06:00:00+02:00,513.9721241100001,509.11975845999973,-4.852365650000365
Region 4,2026-09-23 07:00:00+02:00,2026-09-23 00:00:00+02:00,2026-09-22 07:00:00+02:00,565.8008633900004,569.4968011199999,3.695937729999514
Region 4,2026-09-23 08:00:00+02:00,2026-09-23 00:00:00+02:00,2026-09-22 08:00:00+02:00,583.0369116599994,587.4381694399998,4.401257780000378
Region 4,2026-09-23 09:00:00+02:00,2026-09-23 00:00:00+02:00,2026-09-22 09:00:00+02:00,579.8565355600006,584.85239961,4.995864049999454
Region 4,2026-09-23 10:00:00+02:00,2026-09-23 00:00:00+02:00,2026-09-22 10:00:00+02:00,587.378437719999,579.8383022400016,-7.540135479997502
Region 4,2026-09-23 11:00:00+02:00,2026-09-23 00:00:00+02:00,2026-09-22 11:00:00+02:00,617.2078216000009,614.5528570199999,-2.6549645800009785
Region 4,2026-09-23 12:00:00+02:00,2026-09-23 00:00:00+02:00,2026-09-22 12:00:00+02:00,645.0574979700007,646.6761478800004,1.6186499099997036
Region 4,2026-09-23 13:00:00+02:00,2026-09-23 00:00:00+02:00,2026-09-22 13:00:00+02:00,646.5948839999996,639.3734457999998,-7.221438199999852
Region 4,2026-09-23 14:00:00+02:00,2026-09-23 00:00:00+02:00,2026-09-22 14:00:00+02:00,639.1667560199993,630.5412731599987,-8.625482860000602
Region 4,2026-09-23 15:00:00+02:00,2026-09-23 00:00:00+02:00,2026-09-22 15:00:00+02:00,611.3245554300007,611.9827960899996,0.6582406599989099
Region 4,2026-09-23 16:00:00+02:00,2026-09-23 00:00:00+02:00,2026-09-22 16:00:00+02:00,617.6063606700009,610.7895554799993,-6.81680519000156
Region 4,2026-09-23 17:00:00+02:00,2026-09-23 00:00:00+02:00,2026-09-22 17:00:00+02:00,631.34047909,633.7272080099999,2.3867289199998822
Region 4,2026-09-23 18:00:00+02:00,2026-09-23 00:00:00+02:00,2026-09-22 18:00:00+02:00,651.5303903700013,640.7899611500002,-10.740429220001147
Region 4,2026-09-23 19:00:00+02:00,2026-09-23 00:00:00+02:00,2026-09-22 19:00:00+02:00,629.422585170001,621.7862733200005,-7.636311850000425
Region 4,2026-09-23 20:00:00+02:00,2026-09-23 00:00:00+02:00,2026-09-22 20:00:00+02:00,563.39776122,558.7565919399996,-4.64116928000044
Region 4,2026-09-23 21:00:00+02:00,2026-09-23 00:00:00+02:00,2026-09-22 21:00:00+02:00,486.2052668100012,481.08247941999946,-5.122787390001747
Region 4,2026-09-23 22:00:00+02:00,2026-09-23 00:00:00+02:00,2026-09-22 22:00:00+02:00,427.21330660000007,416.09031229000027,-11.122994309999797
Region 4,2026-09-23 23:00:00+02:00,2026-09-23 00:00:00+02:00,2026-09-22 23:00:00+02:00,374.6395215599999,380.1106191899996,5.471097629999747
Region 4,2026-09-24 00:00:00+02:00,2026-09-24 00:00:00+02:00,2026-09-23 00:00:00+02:00,360.3249260100006,360.72482966,0.3999036499994304
Region 4,2026-09-24 01:00:00+02:00,2026-09-24 00:00:00+02:00,2026-09-23 01:00:00+02:00,365.37460406999986,355.4661575599999,-9.908446509999976
Region 4,2026-09-24 02:00:00+02:00,2026-09-24 00:00:00+02:00,2026-09-23 02:00:00+02:00,365.35859038000024,355.0708403000001,-10.287750080000137
Region 4,2026-09-24 03:00:00+02:00,2026-09-24 00:00:00+02:00,2026-09-23 03:00:00+02:00,368.84526645000005,365.44124091000043,-3.4040255399996227
Region 4,2026-09-24 04:00:00+02:00,2026-09-24 00:00:00+02:00,2026-09-23 04:00:00+02:00,389.53362668000005,389.9563146600002,0.4226879800001484
Region 4,2026-09-24 05:00:00+02:00,2026-09-24 00:00:00+02:00,2026-09-23 05:00:00+02:00,441.3485808300008,443.31436734,1.965786509999191
Region 4,2026-09-24 06:00:00+02:00,2026-09-24 00:00:00+02:00,2026-09-23 06:00:00+02:00,510.2048110399994,513.9721241100001,3.7673130700006823
Region 4,2026-09-24 07:00:00+02:00,2026-09-24 00:00:00+02:00,2026-09-23 07:00:00+02:00,581.94116592,565.8008633900004,-16.140302529999644
Region 4,2026-09-24 08:00:00+02:00,2026-09-24 00:00:00+02:00,2026-09-23 08:00:00+02:00,591.4652970299994,583.0369116599994,-8.42838537
Region 4,2026-09-24 09:00:00+02:00,2026-09-24 00:00:00+02:00,2026-09-23 09:00:00+02:00,581.74547887,579.8565355600006,-1.8889433099994903
Region 4,2026-09-24 10:00:00+02:00,2026-09-24 00:00:00+02:00,2026-09-23 10:00:00+02:00,581.7720981299996,587.378437719999,5.606339589999493
Region 4,2026-09-24 11:00:00+02:00,2026-09-24 00:00:00+02:00,2026-09-23 11:00:00+02:00,619.2700220899998,617.2078216000009,-2.0622004899988724
Region 4,2026-09-24 12:00:00+02:00,2026-09-24 00:00:00+02:00,2026-09-23 12:00:00+02:00,635.64404419,645.0574979700007,9.413453780000623
Region 4,2026-09-24 13:00:00+02:00,2026-09-24 00:00:00+02:00,2026-09-23 13:00:00+02:00,648.6300247500005,646.5948839999996,-2.035140750000892
Region 4,2026-09-24 14:00:00+02:00,2026-09-24 00:00:00+02:00,2026-09-23 14:00:00+02:00,632.0092788899993,639.1667560199993,7.157477129999961
Region 4,2026-09-24 15:00:00+02:00,2026-09-24 00:00:00+02:00,2026-09-23 15:00:00+02:00,617.8607819199993,611.3245554300007,-6.536226489998626
Region 4,2026-09-24 16:00:00+02:00,2026-09-24 00:00:00+02:00,2026-09-23 16:00:00+02:00,618.4731784399995,617.6063606700009,-0.8668177699986472
Region 4,2026-09-24 17:00:00+02:00,2026-09-24 00:00:00+02:00,2026-09-23 17:00:00+02:00,636.0770791599992,631.34047909,-4.736600069999213
Region 4,2026-09-24 18:00:00+02:00,2026-09-24 00:00:00+02:00,2026-09-23 18:00:00+02:00,644.1373102100014,651.5303903700013,7.393080159999954
Region 4,2026-09-24 19:00:00+02:00,2026-09-24 00:00:00+02:00,2026-09-23 19:00:00+02:00,625.1160369400005,629.422585170001,4.3065482300004305
Region 4,2026-09-24 20:00:00+02:00,2026-09-24 00:00:00+02:00,2026-09-23 20:00:00+02:00,559.5554917500004,563.39776122,3.8422694699995645
Region 4,2026-09-24 21:00:00+02:00,2026-09-24 00:00:00+02:00,2026-09-23 21:00:00+02:00,487.97819859999987,486.2052668100012,-1.7729317899986654
Region 4,2026-09-24 22:00:00+02:00,2026-09-24 00:00:00+02:00,2026-09-23 22:00:00+02:00,420.9442375699998,427.21330660000007,6.269069030000253
Region 4,2026-09-24 23:00:00+02:00,2026-09-24 00:00:00+02:00,2026-09-23 23:00:00+02:00,384.77088537999975,374.6395215599999,-10.131363819999876
Region 4,2026-09-25 00:00:00+02:00,2026-09-25 00:00:00+02:00,2026-09-24 00:00:00+02:00,361.8705083399996,360.3249260100006,-1.5455823299990357
Region 4,2026-09-25 01:00:00+02:00,2026-09-25 00:00:00+02:00,2026-09-24 01:00:00+02:00,358.8402291699997,365.37460406999986,6.534374900000159
Region 4,2026-09-25 02:00:00+02:00,2026-09-25 00:00:00+02:00,2026-09-24 02:00:00+02:00,357.0610349900002,365.35859038000024,8.297555390000014
Region 4,2026-09-25 03:00:00+02:00,2026-09-25 00:00:00+02:00,2026-09-24 03:00:00+02:00,368.0887993700005,368.84526645000005,0.7564670799995383
Region 4,2026-09-25 04:00:00+02:00,2026-09-25 00:00:00+02:00,2026-09-24 04:00:00+02:00,393.73946083999977,389.53362668000005,-4.205834159999711
Region 4,2026-09-25 05:00:00+02:00,2026-09-25 00:00:00+02:00,2026-09-24 05:00:00+02:00,442.28660912000004,441.3485808300008,-0.938028289999238
Region 4,2026-09-25 06:00:00+02:00,2026-09-25 00:00:00+02:00,2026-09-24 06:00:00+02:00,513.7489806899999,510.2048110399994,-3.5441696500005264
Region 4,2026-09-25 07:00:00+02:00,2026-09-25 00:00:00+02:00,2026-09-24 07:00:00+02:00,577.5048505199996,581.94116592,4.436315400000353
Region 4,2026-09-25 08:00:00+02:00,2026-09-25 00:00:00+02:00,2026-09-24 08:00:00+02:00,592.5031665799994,591.4652970299994,-1.0378695499999822
Region 4,2026-09-25 09:00:00+02:00,2026-09-25 00:00:00+02:00,2026-09-24 09:00:00+02:00,581.7965430699992,581.74547887,-0.05106419999913214
Region 4,2026-09-25 10:00:00+02:00,2026-09-25 00:00:00+02:00,2026-09-24 10:00:00+02:00,583.8763335999994,581.7720981299996,-2.1042354699998214
Region 4,2026-09-25 11:00:00+02:00,2026-09-25 00:00:00+02:00,2026-09-24 11:00:00+02:00,615.6009179299983,619.2700220899998,3.6691041600014387
Region 4,2026-09-25 12:00:00+02:00,2026-09-25 00:00:00+02:00,2026-09-24 12:00:00+02:00,643.2485879300006,635.64404419,-7.6045437400005085
Region 4,2026-09-25 13:00:00+02:00,2026-09-25 00:00:00+02:00,2026-09-24 13:00:00+02:00,643.3567153000001,648.6300247500005,5.273309450000397
Region 4,2026-09-25 14:00:00+02:00,2026-09-25 00:00:00+02:00,2026-09-24 14:00:00+02:00,639.0994959100002,632.0092788899993,-7.090217020000864
Region 4,2026-09-25 15:00:00+02:00,2026-09-25 00:00:00+02:00,2026-09-24 15:00:00+02:00,622.5084022000011,617.8607819199993,-4.6476202800017745
Region 4,2026-09-25 16:00:00+02:00,2026-09-25 00:00:00+02:00,2026-09-24 16:00:00+02:00,620.9070898599995,618.4731784399995,-2.4339114199999585
Region 4,2026-09-25 17:00:00+02:00,2026-09-25 00:00:00+02:00,2026-09-24 17:00:00+02:00,635.9390545299985,636.0770791599992,0.1380246300007002
Region 4,2026-09-25 18:00:00+02:00,2026-09-25 00:00:00+02:00,2026-09-24 18:00:00+02:00,657.5917607599999,644.1373102100014,-13.454450549998569
Region 4,2026-09-25 19:00:00+02:00,2026-09-25 00:00:00+02:00,2026-09-24 19:00:00+02:00,629.6937866799998,625.1160369400005,-4.577749739999263
Region 4,2026-09-25 20:00:00+02:00,2026-09-25 00:00:00+02:00,2026-09-24 20:00:00+02:00,568.2709672800003,559.5554917500004,-8.715475529999821
Region 4,2026-09-25 21:00:00+02:00,2026-09-25 00:00:00+02:00,2026-09-24 21:00:00+02:00,487.23986683999965,487.97819859999987,0.7383317600002215
Region 4,2026-09-25 22:00:00+02:00,2026-09-25 00:00:00+02:00,2026-09-24 22:00:00+02:00,423.52714864999945,420.9442375699998,-2.582911079999633
Region 4,2026-09-25 23:00:00+02:00,2026-09-25 00:00:00+02:00,2026-09-24 23:00:00+02:00,382.34926598999976,384.77088537999975,2.4216193899999894
Region 4,2026-09-26 00:00:00+02:00,2026-09-26 00:00:00+02:00,2026-09-25 00:00:00+02:00,289.6713014400004,361.8705083399996,72.19920689999924
Region 4,2026-09-26 01:00:00+02:00,2026-09-26 00:00:00+02:00,2026-09-25 01:00:00+02:00,288.47959237000055,358.8402291699997,70.36063679999916
Region 4,2026-09-26 02:00:00+02:00,2026-09-26 00:00:00+02:00,2026-09-25 02:00:00+02:00,292.5307394600004,357.0610349900002,64.53029552999982
Region 4,2026-09-26 03:00:00+02:00,2026-09-26 00:00:00+02:00,2026-09-25 03:00:00+02:00,303.4618939300001,368.0887993700005,64.62690544000043
Region 4,2026-09-26 04:00:00+02:00,2026-09-26 00:00:00+02:00,2026-09-25 04:00:00+02:00,323.30271984000024,393.73946083999977,70.43674099999953
Region 4,2026-09-26 05:00:00+02:00,2026-09-26 00:00:00+02:00,2026-09-25 05:00:00+02:00,366.8741622899996,442.28660912000004,75.41244683000042
Region 4,2026-09-26 06:00:00+02:00,2026-09-26 00:00:00+02:00,2026-09-25 06:00:00+02:00,432.62677369999955,513.7489806899999,81.1222069900004
Region 4,2026-09-26 07:00:00+02:00,2026-09-26 00:00:00+02:00,2026-09-25 07:00:00+02:00,487.3143256899998,577.5048505199996,90.19052482999984
Region 4,2026-09-26 08:00:00+02:00,2026-09-26 00:00:00+02:00,2026-09-25 08:00:00+02:00,486.3907555000002,592.5031665799994,106.11241107999922
Region 4,2026-09-26 09:00:00+02:00,2026-09-26 00:00:00+02:00,2026-09-25 09:00:00+02:00,452.8288035200003,581.7965430699992,128.9677395499989
Region 4,2026-09-26 10:00:00+02:00,2026-09-26 00:00:00+02:00,2026-09-25 10:00:00+02:00,434.6502679499992,583.8763335999994,149.22606565000018
Region 4,2026-09-26 11:00:00+02:00,2026-09-26 00:00:00+02:00,2026-09-25 11:00:00+02:00,438.9481940499992,615.6009179299983,176.65272387999914
Region 4,2026-09-26 12:00:00+02:00,2026-09-26 00:00:00+02:00,2026-09-25 12:00:00+02:00,449.9196702699997,643.2485879300006,193.32891766000085
Region 4,2026-09-26 13:00:00+02:00,2026-09-26 00:00:00+02:00,2026-09-25 13:00:00+02:00,453.7662819500007,643.3567153000001,189.59043334999944
Region 4,2026-09-26 14:00:00+02:00,2026-09-26 00:00:00+02:00,2026-09-25 14:00:00+02:00,449.47415772000016,639.0994959100002,189.62533819000004
Region 4,2026-09-26 15:00:00+02:00,2026-09-26 00:00:00+02:00,2026-09-25 15:00:00+02:00,450.39987216999907,622.5084022000011,172.10853003000204
Region 4,2026-09-26 16:00:00+02:00,2026-09-26 00:00:00+02:00,2026-09-25 16:00:00+02:00,478.9941774899996,620.9070898599995,141.9129123699999
Region 4,2026-09-26 17:00:00+02:00,2026-09-26 00:00:00+02:00,2026-09-25 17:00:00+02:00,519.24099757,635.9390545299985,116.69805695999855
Region 4,2026-09-26 18:00:00+02:00,2026-09-26 00:00:00+02:00,2026-09-25 18:00:00+02:00,557.0027110099995,657.5917607599999,100.58904975000041
Region 4,2026-09-26 19:00:00+02:00,2026-09-26 00:00:00+02:00,2026-09-25 19:00:00+02:00,547.0052082999996,629.6937866799998,82.6885783800002
Region 4,2026-09-26 20:00:00+02:00,2026-09-26 00:00:00+02:00,2026-09-25 20:00:00+02:00,490.6008434600002,568.2709672800003,77.67012382000007
Region 4,2026-09-26 21:00:00+02:00,2026-09-26 00:00:00+02:00,2026-09-25 21:00:00+02:00,411.7883176099998,487.23986683999965,75.45154922999984
Region 4,2026-09-26 22:00:00+02:00,2026-09-26 00:00:00+02:00,2026-09-25 22:00:00+02:00,354.24643483,423.52714864999945,69.28071381999945
Region 4,2026-09-26 23:00:00+02:00,2026-09-26 00:00:00+02:00,2026-09-25 23:00:00+02:00,317.3021251999996,382.34926598999976,65.04714079000019
Region 4,2026-09-27 00:00:00+02:00,2026-09-27 00:00:00+02:00,2026-09-26 00:00:00+02:00,292.15827265000024,289.6713014400004,-2.486971209999865
Region 4,2026-09-27 01:00:00+02:00,2026-09-27 00:00:00+02:00,2026-09-26 01:00:00+02:00,293.42481239999995,288.47959237000055,-4.945220029999405
Region 4,2026-09-27 02:00:00+02:00,2026-09-27 00:00:00+02:00,2026-09-26 02:00:00+02:00,293.04650730999975,292.5307394600004,-0.5157678499993494
Region 4,2026-09-27 03:00:00+02:00,2026-09-27 00:00:00+02:00,2026-09-26 03:00:00+02:00,302.5051749,303.4618939300001,0.9567190300001016
Region 4,2026-09-27 04:00:00+02:00,2026-09-27 00:00:00+02:00,2026-09-26 04:00:00+02:00,316.68960042000003,323.30271984000024,6.613119420000203
Region 4,2026-09-27 05:00:00+02:00,2026-09-27 00:00:00+02:00,2026-09-26 05:00:00+02:00,369.36756261999983,366.8741622899996,-2.493400330000213
Region 4,2026-09-27 06:00:00+02:00,2026-09-27 00:00:00+02:00,2026-09-26 06:00:00+02:00,441.12471719000115,432.62677369999955,-8.497943490001603
Region 4,2026-09-27 07:00:00+02:00,2026-09-27 00:00:00+02:00,2026-09-26 07:00:00+02:00,486.0211368300015,487.3143256899998,1.2931888599982813
Region 4,2026-09-27 08:00:00+02:00,2026-09-27 00:00:00+02:00,2026-09-26 08:00:00+02:00,482.9636578900002,486.3907555000002,3.4270976099999757
Region 4,2026-09-27 09:00:00+02:00,2026-09-27 00:00:00+02:00,2026-09-26 09:00:00+02:00,453.88470945000023,452.8288035200003,-1.0559059299999376
Region 4,2026-09-27 10:00:00+02:00,2026-09-27 00:00:00+02:00,2026-09-26 10:00:00+02:00,436.9344049700007,434.6502679499992,-2.2841370200014808
Region 4,2026-09-27 11:00:00+02:00,2026-09-27 00:00:00+02:00,2026-09-26 11:00:00+02:00,438.7780544699996,438.9481940499992,0.1701395799996135
Region 4,2026-09-27 12:00:00+02:00,2026-09-27 00:00:00+02:00,2026-09-26 12:00:00+02:00,450.5353466099993,449.9196702699997,-0.6156763399995953
Region 4,2026-09-27 13:00:00+02:00,2026-09-27 00:00:00+02:00,2026-09-26 13:00:00+02:00,456.98070696999946,453.7662819500007,-3.214425019998771
Region 4,2026-09-27 14:00:00+02:00,2026-09-27 00:00:00+02:00,2026-09-26 14:00:00+02:00,452.42996671999987,449.47415772000016,-2.9558089999997037
Region 4,2026-09-27 15:00:00+02:00,2026-09-27 00:00:00+02:00,2026-09-26 15:00:00+02:00,459.37503914999996,450.39987216999907,-8.975166980000893
Region 4,2026-09-27 16:00:00+02:00,2026-09-27 00:00:00+02:00,2026-09-26 16:00:00+02:00,484.0546706700004,478.9941774899996,-5.060493180000833
Region 4,2026-09-27 17:00:00+02:00,2026-09-27 00:00:00+02:00,2026-09-26 17:00:00+02:00,516.844415429999,519.24099757,2.3965821400009872
Region 4,2026-09-27 18:00:00+02:00,2026-09-27 00:00:00+02:00,2026-09-26 18:00:00+02:00,561.4058815199999,557.0027110099995,-4.403170510000336
Region 4,2026-09-27 19:00:00+02:00,2026-09-27 00:00:00+02:00,2026-09-26 19:00:00+02:00,545.8228383700011,547.0052082999996,1.1823699299984582
Region 4,2026-09-27 20:00:00+02:00,2026-09-27 00:00:00+02:00,2026-09-26 20:00:00+02:00,496.6849597599997,490.6008434600002,-6.0841162999994935
Region 4,2026-09-27 21:00:00+02:00,2026-09-27 00:00:00+02:00,2026-09-26 21:00:00+02:00,412.0538223500004,411.7883176099998,-0.2655047400006083
Region 4,2026-09-27 22:00:00+02:00,2026-09-27 00:00:00+02:00,2026-09-26 22:00:00+02:00,353.1519104699998,354.24643483,1.0945243600002073
Region 4,2026-09-27 23:00:00+02:00,2026-09-27 00:00:00+02:00,2026-09-26 23:00:00+02:00,314.09878416000015,317.3021251999996,3.2033410399994295
Region 4,2026-09-28 00:00:00+02:00,2026-09-28 00:00:00+02:00,2026-09-27 00:00:00+02:00,363.09173885999945,292.15827265000024,-70.93346620999921
Region 4,2026-09-28 01:00:00+02:00,2026-09-28 00:00:00+02:00,2026-09-27 01:00:00+02:00,366.20488530000034,293.42481239999995,-72.78007290000039
Region 4,2026-09-28 02:00:00+02:00,2026-09-28 00:00:00+02:00,2026-09-27 02:00:00+02:00,366.4645964599995,293.04650730999975,-73.41808914999973
Region 4,2026-09-28 03:00:00+02:00,2026-09-28 00:00:00+02:00,2026-09-27 03:00:00+02:00,370.5221961500005,302.5051749,-68.01702125000054
Region 4,2026-09-28 04:00:00+02:00,2026-09-28 00:00:00+02:00,2026-09-27 04:00:00+02:00,395.0906838999994,316.68960042000003,-78.40108347999939
Region 4,2026-09-28 05:00:00+02:00,2026-09-28 00:00:00+02:00,2026-09-27 05:00:00+02:00,447.9291523599996,369.36756261999983,-78.56158973999976
Region 4,2026-09-28 06:00:00+02:00,2026-09-28 00:00:00+02:00,2026-09-27 06:00:00+02:00,516.92022151,441.12471719000115,-75.79550431999888
Region 4,2026-09-28 07:00:00+02:00,2026-09-28 00:00:00+02:00,2026-09-27 07:00:00+02:00,572.1145880100001,486.0211368300015,-86.09345117999862
Region 4,2026-09-28 08:00:00+02:00,2026-09-28 00:00:00+02:00,2026-09-27 08:00:00+02:00,595.06922527,482.9636578900002,-112.10556737999974
Region 4,2026-09-28 09:00:00+02:00,2026-09-28 00:00:00+02:00,2026-09-27 09:00:00+02:00,590.8526141199984,453.88470945000023,-136.96790466999818
Region 4,2026-09-28 10:00:00+02:00,2026-09-28 00:00:00+02:00,2026-09-27 10:00:00+02:00,601.2682247800001,436.9344049700007,-164.3338198099994
Region 4,2026-09-28 11:00:00+02:00,2026-09-28 00:00:00+02:00,2026-09-27 11:00:00+02:00,627.2957816200014,438.7780544699996,-188.51772715000186
Region 4,2026-09-28 12:00:00+02:00,2026-09-28 00:00:00+02:00,2026-09-27 12:00:00+02:00,650.2456109300002,450.5353466099993,-199.71026432000093
Region 4,2026-09-28 13:00:00+02:00,2026-09-28 00:00:00+02:00,2026-09-27 13:00:00+02:00,649.9590858500023,456.98070696999946,-192.97837888000288
Region 4,2026-09-28 14:00:00+02:00,2026-09-28 00:00:00+02:00,2026-09-27 14:00:00+02:00,647.3892925800003,452.42996671999987,-194.95932586000043
Region 4,2026-09-28 15:00:00+02:00,2026-09-28 00:00:00+02:00,2026-09-27 15:00:00+02:00,619.2593407799994,459.37503914999996,-159.88430162999947
Region 4,2026-09-28 16:00:00+02:00,2026-09-28 00:00:00+02:00,2026-09-27 16:00:00+02:00,615.7705076999989,484.0546706700004,-131.7158370299985
Region 4,2026-09-28 17:00:00+02:00,2026-09-28 00:00:00+02:00,2026-09-27 17:00:00+02:00,640.8395565100012,516.844415429999,-123.99514108000221
Region 4,2026-09-28 18:00:00+02:00,2026-09-28 00:00:00+02:00,2026-09-27 18:00:00+02:00,659.9025192899998,561.4058815199999,-98.4966377699999
Region 4,2026-09-28 19:00:00+02:00,2026-09-28 00:00:00+02:00,2026-09-27 19:00:00+02:00,641.5669229000001,545.8228383700011,-95.74408452999899
Region 4,2026-09-28 20:00:00+02:00,2026-09-28 00:00:00+02:00,2026-09-27 20:00:00+02:00,566.3877011500002,496.6849597599997,-69.70274139000054
Region 4,2026-09-28 21:00:00+02:00,2026-09-28 00:00:00+02:00,2026-09-27 21:00:00+02:00,493.2939034199992,412.0538223500004,-81.24008106999878
Region 4,2026-09-28 22:00:00+02:00,2026-09-28 00:00:00+02:00,2026-09-27 22:00:00+02:00,425.69999549999966,353.1519104699998,-72.54808502999987
Region 4,2026-09-28 23:00:00+02:00,2026-09-28 00:00:00+02:00,2026-09-27 23:00:00+02:00,385.86950036999997,314.09878416000015,-71.77071620999982
Region 5,2026-09-22 00:00:00+02:00,2026-09-22 00:00:00+02:00,2026-09-21 00:00:00+02:00,506.86227823999985,502.6630869699996,-4.199191270000256
Region 5,2026-09-22 01:00:00+02:00,2026-09-22 00:00:00+02:00,2026-09-21 01:00:00+02:00,489.93234901999983,504.89357040000016,14.961221380000325
Region 5,2026-09-22 02:00:00+02:00,2026-09-22 00:00:00+02:00,2026-09-21 02:00:00+02:00,506.15978476999936,506.4164785400008,0.2566937700014478
Region 5,2026-09-22 03:00:00+02:00,2026-09-22 00:00:00+02:00,2026-09-21 03:00:00+02:00,507.89702171999954,505.2753191399993,-2.6217025800002602
Region 5,2026-09-22 04:00:00+02:00,2026-09-22 00:00:00+02:00,2026-09-21 04:00:00+02:00,526.9314578900004,532.060298970001,5.128841080000598
Region 5,2026-09-22 05:00:00+02:00,2026-09-22 00:00:00+02:00,2026-09-21 05:00:00+02:00,575.8465494700017,576.5316880299988,0.6851385599970854
Region 5,2026-09-22 06:00:00+02:00,2026-09-22 00:00:00+02:00,2026-09-21 06:00:00+02:00,647.8748825200004,628.8211335000001,-19.053749020000282
Region 5,2026-09-22 07:00:00+02:00,2026-09-22 00:00:00+02:00,2026-09-21 07:00:00+02:00,698.0562031900009,701.9217223500004,3.865519159999508
Region 5,2026-09-22 08:00:00+02:00,2026-09-22 00:00:00+02:00,2026-09-21 08:00:00+02:00,714.6428436499995,724.4708929199992,9.828049269999724
Region 5,2026-09-22 09:00:00+02:00,2026-09-22 00:00:00+02:00,2026-09-21 09:00:00+02:00,720.7185469499988,721.7745985000001,1.0560515500013707
Region 5,2026-09-22 10:00:00+02:00,2026-09-22 00:00:00+02:00,2026-09-21 10:00:00+02:00,742.3223227999995,735.5947892900002,-6.727533509999262
Region 5,2026-09-22 11:00:00+02:00,2026-09-22 00:00:00+02:00,2026-09-21 11:00:00+02:00,768.7508121499998,778.4837321799994,9.732920029999605
Region 5,2026-09-22 12:00:00+02:00,2026-09-22 00:00:00+02:00,2026-09-21 12:00:00+02:00,804.0398400300003,806.2815981699999,2.2417581399996607
Region 5,2026-09-22 13:00:00+02:00,2026-09-22 00:00:00+02:00,2026-09-21 13:00:00+02:00,812.3241191500013,811.9003341800005,-0.42378497000072457
Region 5,2026-09-22 14:00:00+02:00,2026-09-22 00:00:00+02:00,2026-09-21 14:00:00+02:00,793.9826102599997,794.4230017799994,0.44039151999970727
Region 5,2026-09-22 15:00:00+02:00,2026-09-22 00:00:00+02:00,2026-09-21 15:00:00+02:00,767.4261598700002,764.6663985799994,-2.7597612900008244
Region 5,2026-09-22 16:00:00+02:00,2026-09-22 00:00:00+02:00,2026-09-21 16:00:00+02:00,756.5828761600008,758.9255705499982,2.342694389997405
Region 5,2026-09-22 17:00:00+02:00,2026-09-22 00:00:00+02:00,2026-09-21 17:00:00+02:00,757.7559981799991,754.1681848099997,-3.587813369999367
Region 5,2026-09-22 18:00:00+02:00,2026-09-22 00:00:00+02:00,2026-09-21 18:00:00+02:00,758.7121443200001,763.2418556300004,4.529711310000266
Region 5,2026-09-22 19:00:00+02:00,2026-09-22 00:00:00+02:00,2026-09-21 19:00:00+02:00,745.711944589999,732.7400284899995,-12.971916099999476
Region 5,2026-09-22 20:00:00+02:00,2026-09-22 00:00:00+02:00,2026-09-21 20:00:00+02:00,682.6125251700012,681.1872790599995,-1.4252461100016944
Region 5,2026-09-22 21:00:00+02:00,2026-09-22 00:00:00+02:00,2026-09-21 21:00:00+02:00,615.1132010500008,611.4354179599992,-3.6777830900016397
Region 5,2026-09-22 22:00:00+02:00,2026-09-22 00:00:00+02:00,2026-09-21 22:00:00+02:00,555.0887287200004,554.1580501499991,-0.9306785700013052
Region 5,2026-09-22 23:00:00+02:00,2026-09-22 00:00:00+02:00,2026-09-21 23:00:00+02:00,520.6278119100009,524.3285916100001,3.7007796999992024
Region 5,2026-09-23 00:00:00+02:00,2026-09-23 00:00:00+02:00,2026-09-22 00:00:00+02:00,505.09034665000024,506.86227823999985,1.7719315899996104
Region 5,2026-09-23 01:00:00+02:00,2026-09-23 00:00:00+02:00,2026-09-22 01:00:00+02:00,503.65772767000067,489.93234901999983,-13.725378650000835
Region 5,2026-09-23 02:00:00+02:00,2026-09-23 00:00:00+02:00,2026-09-22 02:00:00+02:00,505.9070097500001,506.15978476999936,0.25277501999926244
Region 5,2026-09-23 03:00:00+02:00,2026-09-23 00:00:00+02:00,2026-09-22 03:00:00+02:00,508.90441499000053,507.89702171999954,-1.007393270000989
Region 5,2026-09-23 04:00:00+02:00,2026-09-23 00:00:00+02:00,2026-09-22 04:00:00+02:00,529.5433250400005,526.9314578900004,-2.61186715000008
Region 5,2026-09-23 05:00:00+02:00,2026-09-23 00:00:00+02:00,2026-09-22 05:00:00+02:00,578.2154905400001,575.8465494700017,-2.3689410699984137
Region 5,2026-09-23 06:00:00+02:00,2026-09-23 00:00:00+02:00,2026-09-22 06:00:00+02:00,648.0932154099996,647.8748825200004,-0.21833288999926026
Region 5,2026-09-23 07:00:00+02:00,2026-09-23 00:00:00+02:00,2026-09-22 07:00:00+02:00,701.5516009999998,698.0562031900009,-3.495397809998849
Region 5,2026-09-23 08:00:00+02:00,2026-09-23 00:00:00+02:00,2026-09-22 08:00:00+02:00,724.1667943100007,714.6428436499995,-9.52395066000122
Region 5,2026-09-23 09:00:00+02:00,2026-09-23 00:00:00+02:00,2026-09-22 09:00:00+02:00,724.2280695099997,720.7185469499988,-3.50952256000096
Region 5,2026-09-23 10:00:00+02:00,2026-09-23 00:00:00+02:00,2026-09-22 10:00:00+02:00,741.5365115399984,742.3223227999995,0.7858112600010827
Region 5,2026-09-23 11:00:00+02:00,2026-09-23 00:00:00+02:00,2026-09-22 11:00:00+02:00,775.3498702700008,768.7508121499998,-6.599058120001018
Region 5,2026-09-23 12:00:00+02:00,2026-09-23 00:00:00+02:00,2026-09-22 12:00:00+02:00,806.0559347300019,804.0398400300003,-2.016094700001645
Region 5,2026-09-23 13:00:00+02:00,2026-09-23 00:00:00+02:00,2026-09-22 13:00:00+02:00,810.1066374999997,812.3241191500013,2.2174816500015595
Region 5,2026-09-23 14:00:00+02:00,2026-09-23 00:00:00+02:00,2026-09-22 14:00:00+02:00,785.6071609099997,793.9826102599997,8.37544934999994
Region 5,2026-09-23 15:00:00+02:00,2026-09-23 00:00:00+02:00,2026-09-22 15:00:00+02:00,772.4835752700008,767.4261598700002,-5.0574154000005365
Region 5,2026-09-23 16:00:00+02:00,2026-09-23 00:00:00+02:00,2026-09-22 16:00:00+02:00,758.6418143099988,756.5828761600008,-2.0589381499980846
Region 5,2026-09-23 17:00:00+02:00,2026-09-23 00:00:00+02:00,2026-09-22 17:00:00+02:00,765.4674168799999,757.7559981799991,-7.711418700000763
Region 5,2026-09-23 18:00:00+02:00,2026-09-23 00:00:00+02:00,2026-09-22 18:00:00+02:00,760.9807648499991,758.7121443200001,-2.268620529998998
Region 5,2026-09-23 19:00:00+02:00,2026-09-23 00:00:00+02:00,2026-09-22 19:00:00+02:00,730.99671692,745.711944589999,14.715227669998967
Region 5,2026-09-23 20:00:00+02:00,2026-09-23 00:00:00+02:00,2026-09-22 20:00:00+02:00,686.5161098100001,682.6125251700012,-3.9035846399989396
Region 5,2026-09-23 21:00:00+02:00,2026-09-23 00:00:00+02:00,2026-09-22 21:00:00+02:00,617.4925895399998,615.1132010500008,-2.3793884899989735
Region 5,2026-09-23 22:00:00+02:00,2026-09-23 00:00:00+02:00,2026-09-22 22:00:00+02:00,559.3969072699991,555.0887287200004,-4.308178549998729
Region 5,2026-09-23 23:00:00+02:00,2026-09-23 00:00:00+02:00,2026-09-22 23:00:00+02:00,522.2197511899993,520.6278119100009,-1.591939279998428
Region 5,2026-09-24 00:00:00+02:00,2026-09-24 00:00:00+02:00,2026-09-23 00:00:00+02:00,501.7267620700008,505.09034665000024,3.36358457999944
Region 5,2026-09-24 01:00:00+02:00,2026-09-24 00:00:00+02:00,2026-09-23 01:00:00+02:00,503.9068098899999,503.65772767000067,-0.24908221999925217
Region 5,2026-09-24 02:00:00+02:00,2026-09-24 00:00:00+02:00,2026-09-23 02:00:00+02:00,512.8996566800001,505.9070097500001,-6.992646930000035
Region 5,2026-09-24 03:00:00+02:00,2026-09-24 00:00:00+02:00,2026-09-23 03:00:00+02:00,507.81883702999966,508.90441499000053,1.085577960000876
Region 5,2026-09-24 04:00:00+02:00,2026-09-24 00:00:00+02:00,2026-09-23 04:00:00+02:00,527.8732016999999,529.5433250400005,1.6701233400006004
Region 5,2026-09-24 05:00:00+02:00,2026-09-24 00:00:00+02:00,2026-09-23 05:00:00+02:00,579.0843162800002,578.2154905400001,-0.8688257400000339
Region 5,2026-09-24 06:00:00+02:00,2026-09-24 00:00:00+02:00,2026-09-23 06:00:00+02:00,643.0675521300002,648.0932154099996,5.025663279999435
Region 5,2026-09-24 07:00:00+02:00,2026-09-24 00:00:00+02:00,2026-09-23 07:00:00+02:00,703.4669605599993,701.5516009999998,-1.9153595599995015
Region 5,2026-09-24 08:00:00+02:00,2026-09-24 00:00:00+02:00,2026-09-23 08:00:00+02:00,719.1310797499996,724.1667943100007,5.035714560001111
Region 5,2026-09-24 09:00:00+02:00,2026-09-24 00:00:00+02:00,2026-09-23 09:00:00+02:00,726.4024325199999,724.2280695099997,-2.1743630100002065
Region 5,2026-09-24 10:00:00+02:00,2026-09-24 00:00:00+02:00,2026-09-23 10:00:00+02:00,753.3485350899994,741.5365115399984,-11.812023550000958
Region 5,2026-09-24 11:00:00+02:00,2026-09-24 00:00:00+02:00,2026-09-23 11:00:00+02:00,779.2326689100001,775.3498702700008,-3.8827986399993506
Region 5,2026-09-24 12:00:00+02:00,2026-09-24 00:00:00+02:00,2026-09-23 12:00:00+02:00,821.723040849999,806.0559347300019,-15.667106119997129
Region 5,2026-09-24 13:00:00+02:00,2026-09-24 00:00:00+02:00,2026-09-23 13:00:00+02:00,810.0331974500007,810.1066374999997,0.07344004999902154
Region 5,2026-09-24 14:00:00+02:00,2026-09-24 00:00:00+02:00,2026-09-23 14:00:00+02:00,806.6319477300001,785.6071609099997,-21.024786820000372
Region 5,2026-09-24 15:00:00+02:00,2026-09-24 00:00:00+02:00,2026-09-23 15:00:00+02:00,768.0078833400004,772.4835752700008,4.47569193000038
Region 5,2026-09-24 16:00:00+02:00,2026-09-24 00:00:00+02:00,2026-09-23 16:00:00+02:00,768.1499188000005,758.6418143099988,-9.508104490001642
Region 5,2026-09-24 17:00:00+02:00,2026-09-24 00:00:00+02:00,2026-09-23 17:00:00+02:00,762.2307160200003,765.4674168799999,3.236700859999587
Region 5,2026-09-24 18:00:00+02:00,2026-09-24 00:00:00+02:00,2026-09-23 18:00:00+02:00,766.0096630200006,760.9807648499991,-5.028898170001526
Region 5,2026-09-24 19:00:00+02:00,2026-09-24 00:00:00+02:00,2026-09-23 19:00:00+02:00,750.7426841900008,730.99671692,-19.745967270000733
Region 5,2026-09-24 20:00:00+02:00,2026-09-24 00:00:00+02:00,2026-09-23 20:00:00+02:00,683.6989346599988,686.5161098100001,2.817175150001276
Region 5,2026-09-24 21:00:00+02:00,2026-09-24 00:00:00+02:00,2026-09-23 21:00:00+02:00,616.7707198199992,617.4925895399998,0.7218697200006545
Region 5,2026-09-24 22:00:00+02:00,2026-09-24 00:00:00+02:00,2026-09-23 22:00:00+02:00,558.7045914399998,559.3969072699991,0.692315829999302
Region 5,2026-09-24 23:00:00+02:00,2026-09-24 00:00:00+02:00,2026-09-23 23:00:00+02:00,520.1202551700001,522.2197511899993,2.0994960199992647
Region 5,2026-09-25 00:00:00+02:00,2026-09-25 00:00:00+02:00,2026-09-24 00:00:00+02:00,506.4284072799997,501.7267620700008,-4.701645209998901
Region 5,2026-09-25 01:00:00+02:00,2026-09-25 00:00:00+02:00,2026-09-24 01:00:00+02:00,500.09720858000014,503.9068098899999,3.8096013099997776
Region 5,2026-09-25 02:00:00+02:00,2026-09-25 00:00:00+02:00,2026-09-24 02:00:00+02:00,508.6872464299998,512.8996566800001,4.212410250000346
Region 5,2026-09-25 03:00:00+02:00,2026-09-25 00:00:00+02:00,2026-09-24 03:00:00+02:00,512.0061358600001,507.81883702999966,-4.1872988300004295
Region 5,2026-09-25 04:00:00+02:00,2026-09-25 00:00:00+02:00,2026-09-24 04:00:00+02:00,531.2195465999989,527.8732016999999,-3.3463448999990533
Region 5,2026-09-25 05:00:00+02:00,2026-09-25 00:00:00+02:00,2026-09-24 05:00:00+02:00,570.9258485600009,579.0843162800002,8.158467719999294
Region 5,2026-09-25 06:00:00+02:00,2026-09-25 00:00:00+02:00,2026-09-24 06:00:00+02:00,644.8572251599992,643.0675521300002,-1.789673029998994
Region 5,2026-09-25 07:00:00+02:00,2026-09-25 00:00:00+02:00,2026-09-24 07:00:00+02:00,704.1134625899995,703.4669605599993,-0.6465020300001925
Region 5,2026-09-25 08:00:00+02:00,2026-09-25 00:00:00+02:00,2026-09-24 08:00:00+02:00,721.4980620600003,719.1310797499996,-2.366982310000708
Region 5,2026-09-25 09:00:00+02:00,2026-09-25 00:00:00+02:00,2026-09-24 09:00:00+02:00,725.7474084199985,726.4024325199999,0.6550241000014694
Region 5,2026-09-25 10:00:00+02:00,2026-09-25 00:00:00+02:00,2026-09-24 10:00:00+02:00,750.9223996500017,753.3485350899994,2.4261354399976653
Region 5,2026-09-25 11:00:00+02:00,2026-09-25 00:00:00+02:00,2026-09-24 11:00:00+02:00,784.5787493899992,779.2326689100001,-5.346080479999046
Region 5,2026-09-25 12:00:00+02:00,2026-09-25 00:00:00+02:00,2026-09-24 12:00:00+02:00,806.0698173300004,821.723040849999,15.653223519998619
Region 5,2026-09-25 13:00:00+02:00,2026-09-25 00:00:00+02:00,2026-09-24 13:00:00+02:00,803.8451453200001,810.0331974500007,6.1880521300005285
Region 5,2026-09-25 14:00:00+02:00,2026-09-25 00:00:00+02:00,2026-09-24 14:00:00+02:00,797.4501961200006,806.6319477300001,9.181751609999537
Region 5,2026-09-25 15:00:00+02:00,2026-09-25 00:00:00+02:00,2026-09-24 15:00:00+02:00,776.8430351200001,768.0078833400004,-8.835151779999705
Region 5,2026-09-25 16:00:00+02:00,2026-09-25 00:00:00+02:00,2026-09-24 16:00:00+02:00,758.7879959300004,768.1499188000005,9.361922870000058
Region 5,2026-09-25 17:00:00+02:00,2026-09-25 00:00:00+02:00,2026-09-24 17:00:00+02:00,757.2434656400003,762.2307160200003,4.987250379999978
Region 5,2026-09-25 18:00:00+02:00,2026-09-25 00:00:00+02:00,2026-09-24 18:00:00+02:00,772.9801534499983,766.0096630200006,-6.970490429997653
Region 5,2026-09-25 19:00:00+02:00,2026-09-25 00:00:00+02:00,2026-09-24 19:00:00+02:00,753.4060588099984,750.7426841900008,-2.663374619997626
Region 5,2026-09-25 20:00:00+02:00,2026-09-25 00:00:00+02:00,2026-09-24 20:00:00+02:00,696.8290890599995,683.6989346599988,-13.13015440000072
Region 5,2026-09-25 21:00:00+02:00,2026-09-25 00:00:00+02:00,2026-09-24 21:00:00+02:00,613.8780622899994,616.7707198199992,2.892657529999724
Region 5,2026-09-25 22:00:00+02:00,2026-09-25 00:00:00+02:00,2026-09-24 22:00:00+02:00,555.1956995500009,558.7045914399998,3.5088918899989494
Region 5,2026-09-25 23:00:00+02:00,2026-09-25 00:00:00+02:00,2026-09-24 23:00:00+02:00,528.6395653899995,520.1202551700001,-8.519310219999397
Region 5,2026-09-26 00:00:00+02:00,2026-09-26 00:00:00+02:00,2026-09-25 00:00:00+02:00,405.7553655999997,506.4284072799997,100.67304167999998
Region 5,2026-09-26 01:00:00+02:00,2026-09-26 00:00:00+02:00,2026-09-25 01:00:00+02:00,397.45739405000023,500.09720858000014,102.63981452999991
Region 5,2026-09-26 02:00:00+02:00,2026-09-26 00:00:00+02:00,2026-09-25 02:00:00+02:00,409.9969747000003,508.6872464299998,98.6902717299995
Region 5,2026-09-26 03:00:00+02:00,2026-09-26 00:00:00+02:00,2026-09-25 03:00:00+02:00,411.22326065999886,512.0061358600001,100.78287520000123
Region 5,2026-09-26 04:00:00+02:00,2026-09-26 00:00:00+02:00,2026-09-25 04:00:00+02:00,431.8360815599997,531.2195465999989,99.38346503999924
Region 5,2026-09-26 05:00:00+02:00,2026-09-26 00:00:00+02:00,2026-09-25 05:00:00+02:00,476.7996435799994,570.9258485600009,94.12620498000149
Region 5,2026-09-26 06:00:00+02:00,2026-09-26 00:00:00+02:00,2026-09-25 06:00:00+02:00,532.3460485299994,644.8572251599992,112.5111766299998
Region 5,2026-09-26 07:00:00+02:00,2026-09-26 00:00:00+02:00,2026-09-25 07:00:00+02:00,587.9903858399996,704.1134625899995,116.12307674999988
Region 5,2026-09-26 08:00:00+02:00,2026-09-26 00:00:00+02:00,2026-09-25 08:00:00+02:00,588.9576749599989,721.4980620600003,132.54038710000134
Region 5,2026-09-26 09:00:00+02:00,2026-09-26 00:00:00+02:00,2026-09-25 09:00:00+02:00,557.5020204699991,725.7474084199985,168.24538794999933
Region 5,2026-09-26 10:00:00+02:00,2026-09-26 00:00:00+02:00,2026-09-25 10:00:00+02:00,548.1200236299992,750.9223996500017,202.8023760200025
Region 5,2026-09-26 11:00:00+02:00,2026-09-26 00:00:00+02:00,2026-09-25 11:00:00+02:00,562.5126971299998,784.5787493899992,222.06605225999942
Region 5,2026-09-26 12:00:00+02:00,2026-09-26 00:00:00+02:00,2026-09-25 12:00:00+02:00,584.3817461000003,806.0698173300004,221.6880712300001
Region 5,2026-09-26 13:00:00+02:00,2026-09-26 00:00:00+02:00,2026-09-25 13:00:00+02:00,588.4629848200001,803.8451453200001,215.38216050000005
Region 5,2026-09-26 14:00:00+02:00,2026-09-26 00:00:00+02:00,2026-09-25 14:00:00+02:00,576.4311030000002,797.4501961200006,221.01909312000032
Region 5,2026-09-26 15:00:00+02:00,2026-09-26 00:00:00+02:00,2026-09-25 15:00:00+02:00,576.2442373299997,776.8430351200001,200.5987977900004
Region 5,2026-09-26 16:00:00+02:00,2026-09-26 00:00:00+02:00,2026-09-25 16:00:00+02:00,591.1258160900011,758.7879959300004,167.66217983999934
Region 5,2026-09-26 17:00:00+02:00,2026-09-26 00:00:00+02:00,2026-09-25 17:00:00+02:00,622.2916137899994,757.2434656400003,134.95185185000093
Region 5,2026-09-26 18:00:00+02:00,2026-09-26 00:00:00+02:00,2026-09-25 18:00:00+02:00,647.9282352800002,772.9801534499983,125.05191816999809
Region 5,2026-09-26 19:00:00+02:00,2026-09-26 00:00:00+02:00,2026-09-25 19:00:00+02:00,634.4392497000007,753.4060588099984,118.96680910999771
Region 5,2026-09-26 20:00:00+02:00,2026-09-26 00:00:00+02:00,2026-09-25 20:00:00+02:00,582.8087182099995,696.8290890599995,114.02037085000006
Region 5,2026-09-26 21:00:00+02:00,2026-09-26 00:00:00+02:00,2026-09-25 21:00:00+02:00,517.8837963299991,613.8780622899994,95.99426596000035
Region 5,2026-09-26 22:00:00+02:00,2026-09-26 00:00:00+02:00,2026-09-25 22:00:00+02:00,462.1922661600007,555.1956995500009,93.00343339000017
Region 5,2026-09-26 23:00:00+02:00,2026-09-26 00:00:00+02:00,2026-09-25 23:00:00+02:00,421.4783655099998,528.6395653899995,107.16119987999969
Region 5,2026-09-27 00:00:00+02:00,2026-09-27 00:00:00+02:00,2026-09-26 00:00:00+02:00,406.5509365499998,405.7553655999997,-0.7955709500000694
Region 5,2026-09-27 01:00:00+02:00,2026-09-27 00:00:00+02:00,2026-09-26 01:00:00+02:00,404.3010212900006,397.45739405000023,-6.843627240000387
Region 5,2026-09-27 02:00:00+02:00,2026-09-27 00:00:00+02:00,2026-09-26 02:00:00+02:00,407.3714873200002,409.9969747000003,2.625487380000095
Region 5,2026-09-27 03:00:00+02:00,2026-09-27 00:00:00+02:00,2026-09-26 03:00:00+02:00,406.44134990000026,411.22326065999886,4.7819107599985955
Region 5,2026-09-27 04:00:00+02:00,2026-09-27 00:00:00+02:00,2026-09-26 04:00:00+02:00,430.16919889999997,431.8360815599997,1.6668826599997146
Region 5,2026-09-27 05:00:00+02:00,2026-09-27 00:00:00+02:00,2026-09-26 05:00:00+02:00,475.5987401200002,476.7996435799994,1.2009034599992106
Region 5,2026-09-27 06:00:00+02:00,2026-09-27 00:00:00+02:00,2026-09-26 06:00:00+02:00,532.9278789899998,532.3460485299994,-0.5818304600004467
Region 5,2026-09-27 07:00:00+02:00,2026-09-27 00:00:00+02:00,2026-09-26 07:00:00+02:00,583.9478559799996,587.9903858399996,4.042529859999945
Region 5,2026-09-27 08:00:00+02:00,2026-09-27 00:00:00+02:00,2026-09-26 08:00:00+02:00,586.7589740999997,588.9576749599989,2.198700859999235
Region 5,2026-09-27 09:00:00+02:00,2026-09-27 00:00:00+02:00,2026-09-26 09:00:00+02:00,567.77952105,557.5020204699991,-10.277500580000833
Region 5,2026-09-27 10:00:00+02:00,2026-09-27 00:00:00+02:00,2026-09-26 10:00:00+02:00,556.6501524900001,548.1200236299992,-8.5301288600009
Region 5,2026-09-27 11:00:00+02:00,2026-09-27 00:00:00+02:00,2026-09-26 11:00:00+02:00,560.6371909300001,562.5126971299998,1.875506199999677
Region 5,2026-09-27 12:00:00+02:00,2026-09-27 00:00:00+02:00,2026-09-26 12:00:00+02:00,580.738195420001,584.3817461000003,3.6435506799992936
Region 5,2026-09-27 13:00:00+02:00,2026-09-27 00:00:00+02:00,2026-09-26 13:00:00+02:00,577.3569548199999,588.4629848200001,11.106030000000146
Region 5,2026-09-27 14:00:00+02:00,2026-09-27 00:00:00+02:00,2026-09-26 14:00:00+02:00,578.7749054900002,576.4311030000002,-2.3438024899999164
Region 5,2026-09-27 15:00:00+02:00,2026-09-27 00:00:00+02:00,2026-09-26 15:00:00+02:00,579.069245219999,576.2442373299997,-2.825007889999256
Region 5,2026-09-27 16:00:00+02:00,2026-09-27 00:00:00+02:00,2026-09-26 16:00:00+02:00,589.8169450799996,591.1258160900011,1.3088710100014396
Region 5,2026-09-27 17:00:00+02:00,2026-09-27 00:00:00+02:00,2026-09-26 17:00:00+02:00,622.1825532700002,622.2916137899994,0.10906051999916144
Region 5,2026-09-27 18:00:00+02:00,2026-09-27 00:00:00+02:00,2026-09-26 18:00:00+02:00,646.4172103800012,647.9282352800002,1.511024899999029
Region 5,2026-09-27 19:00:00+02:00,2026-09-27 00:00:00+02:00,2026-09-26 19:00:00+02:00,639.8511475399979,634.4392497000007,-5.411897839997209
Region 5,2026-09-27 20:00:00+02:00,2026-09-27 00:00:00+02:00,2026-09-26 20:00:00+02:00,585.5413022599988,582.8087182099995,-2.732584049999332
Region 5,2026-09-27 21:00:00+02:00,2026-09-27 00:00:00+02:00,2026-09-26 21:00:00+02:00,510.14887191999907,517.8837963299991,7.734924410000019
Region 5,2026-09-27 22:00:00+02:00,2026-09-27 00:00:00+02:00,2026-09-26 22:00:00+02:00,462.57091726999954,462.1922661600007,-0.37865110999882745
Region 5,2026-09-27 23:00:00+02:00,2026-09-27 00:00:00+02:00,2026-09-26 23:00:00+02:00,426.2990326499999,421.4783655099998,-4.8206671400001255
Region 5,2026-09-28 00:00:00+02:00,2026-09-28 00:00:00+02:00,2026-09-27 00:00:00+02:00,504.48365480000035,406.5509365499998,-97.93271825000056
Region 5,2026-09-28 01:00:00+02:00,2026-09-28 00:00:00+02:00,2026-09-27 01:00:00+02:00,501.57112658999995,404.3010212900006,-97.27010529999933
Region 5,2026-09-28 02:00:00+02:00,2026-09-28 00:00:00+02:00,2026-09-27 02:00:00+02:00,506.38474432999953,407.3714873200002,-99.01325700999934
Region 5,2026-09-28 03:00:00+02:00,2026-09-28 00:00:00+02:00,2026-09-27 03:00:00+02:00,508.65433144999975,406.44134990000026,-102.21298154999948
Region 5,2026-09-28 04:00:00+02:00,2026-09-28 00:00:00+02:00,2026-09-27 04:00:00+02:00,545.8709883800008,430.16919889999997,-115.7017894800008
Region 5,2026-09-28 05:00:00+02:00,2026-09-28 00:00:00+02:00,2026-09-27 05:00:00+02:00,582.6626587299994,475.5987401200002,-107.06391860999923
Region 5,2026-09-28 06:00:00+02:00,2026-09-28 00:00:00+02:00,2026-09-27 06:00:00+02:00,650.8930522200003,532.9278789899998,-117.96517323000046
Region 5,2026-09-28 07:00:00+02:00,2026-09-28 00:00:00+02:00,2026-09-27 07:00:00+02:00,720.8817841799986,583.9478559799996,-136.93392819999895
Region 5,2026-09-28 08:00:00+02:00,2026-09-28 00:00:00+02:00,2026-09-27 08:00:00+02:00,729.4150399400006,586.7589740999997,-142.6560658400009
Region 5,2026-09-28 09:00:00+02:00,2026-09-28 00:00:00+02:00,2026-09-27 09:00:00+02:00,744.976116890001,567.77952105,-177.196595840001
Region 5,2026-09-28 10:00:00+02:00,2026-09-28 00:00:00+02:00,2026-09-27 10:00:00+02:00,759.0668473000006,556.6501524900001,-202.41669481000054
Region 5,2026-09-28 11:00:00+02:00,2026-09-28 00:00:00+02:00,2026-09-27 11:00:00+02:00,778.3415930999996,560.6371909300001,-217.70440216999953
Region 5,2026-09-28 12:00:00+02:00,2026-09-28 00:00:00+02:00,2026-09-27 12:00:00+02:00,815.1413188599995,580.738195420001,-234.40312343999847
Region 5,2026-09-28 13:00:00+02:00,2026-09-28 00:00:00+02:00,2026-09-27 13:00:00+02:00,828.2315436199989,577.3569548199999,-250.87458879999895
Region 5,2026-09-28 14:00:00+02:00,2026-09-28 00:00:00+02:00,2026-09-27 14:00:00+02:00,802.9317215500007,578.7749054900002,-224.15681606000055
Region 5,2026-09-28 15:00:00+02:00,2026-09-28 00:00:00+02:00,2026-09-27 15:00:00+02:00,775.3847438200003,579.069245219999,-196.31549860000132
Region 5,2026-09-28 16:00:00+02:00,2026-09-28 00:00:00+02:00,2026-09-27 16:00:00+02:00,771.2303449499993,589.8169450799996,-181.4133998699997
Region 5,2026-09-28 17:00:00+02:00,2026-09-28 00:00:00+02:00,2026-09-27 17:00:00+02:00,773.0168255500001,622.1825532700002,-150.83427227999994
Region 5,2026-09-28 18:00:00+02:00,2026-09-28 00:00:00+02:00,2026-09-27 18:00:00+02:00,775.54591928,646.4172103800012,-129.12870889999886
Region 5,2026-09-28 19:00:00+02:00,2026-09-28 00:00:00+02:00,2026-09-27 19:00:00+02:00,756.2761913799986,639.8511475399979,-116.42504384000074
Region 5,2026-09-28 20:00:00+02:00,2026-09-28 00:00:00+02:00,2026-09-27 20:00:00+02:00,699.0147246400006,585.5413022599988,-113.47342238000181
Region 5,2026-09-28 21:00:00+02:00,2026-09-28 00:00:00+02:00,2026-09-27 21:00:00+02:00,620.7788869900005,510.14887191999907,-110.63001507000143
Region 5,2026-09-28 22:00:00+02:00,2026-09-28 00:00:00+02:00,2026-09-27 22:00:00+02:00,558.0469072700009,462.57091726999954,-95.47599000000139
Region 5,2026-09-28 23:00:00+02:00,2026-09-28 00:00:00+02:00,2026-09-27 23:00:00+02:00,530.6156362899995,426.2990326499999,-104.31660363999964
Region 6,2026-09-22 00:00:00+02:00,2026-09-22 00:00:00+02:00,2026-09-21 00:00:00+02:00,381.11343700000066,382.6493709600004,1.5359339599997384
Region 6,2026-09-22 01:00:00+02:00,2026-09-22 00:00:00+02:00,2026-09-21 01:00:00+02:00,378.1589446800003,378.2870966299994,0.12815194999910773
Region 6,2026-09-22 02:00:00+02:00,2026-09-22 00:00:00+02:00,2026-09-21 02:00:00+02:00,390.3018639400007,384.43494242000014,-5.866921520000574
Region 6,2026-09-22 03:00:00+02:00,2026-09-22 00:00:00+02:00,2026-09-21 03:00:00+02:00,387.5202965599998,382.4498416500002,-5.070454909999569
Region 6,2026-09-22 04:00:00+02:00,2026-09-22 00:00:00+02:00,2026-09-21 04:00:00+02:00,413.9233144799999,415.62204460000055,1.6987301200006755
Region 6,2026-09-22 05:00:00+02:00,2026-09-22 00:00:00+02:00,2026-09-21 05:00:00+02:00,462.04887495999964,459.63326770999925,-2.4156072500003916
Region 6,2026-09-22 06:00:00+02:00,2026-09-22 00:00:00+02:00,2026-09-21 06:00:00+02:00,530.1907536199999,526.6132170599993,-3.577536560000567
Region 6,2026-09-22 07:00:00+02:00,2026-09-22 00:00:00+02:00,2026-09-21 07:00:00+02:00,596.8025226600004,588.8015072199996,-8.001015440000742
Region 6,2026-09-22 08:00:00+02:00,2026-09-22 00:00:00+02:00,2026-09-21 08:00:00+02:00,612.2456750199997,616.7929363200001,4.5472613000004
Region 6,2026-09-22 09:00:00+02:00,2026-09-22 00:00:00+02:00,2026-09-21 09:00:00+02:00,629.7013253200001,626.2360765399994,-3.4652487800007066
Region 6,2026-09-22 10:00:00+02:00,2026-09-22 00:00:00+02:00,2026-09-21 10:00:00+02:00,651.4237668299993,646.50572247,-4.918044359999271
Region 6,2026-09-22 11:00:00+02:00,2026-09-22 00:00:00+02:00,2026-09-21 11:00:00+02:00,680.5142755500009,694.4444379699995,13.930162419998624
Region 6,2026-09-22 12:00:00+02:00,2026-09-22 00:00:00+02:00,2026-09-21 12:00:00+02:00,727.4710881200009,721.5244682400015,-5.946619879999389
Region 6,2026-09-22 13:00:00+02:00,2026-09-22 00:00:00+02:00,2026-09-21 13:00:00+02:00,729.6118121400012,718.418726710001,-11.193085430000224
Region 6,2026-09-22 14:00:00+02:00,2026-09-22 00:00:00+02:00,2026-09-21 14:00:00+02:00,711.7012487399993,710.4486586399996,-1.2525900999996793
Region 6,2026-09-22 15:00:00+02:00,2026-09-22 00:00:00+02:00,2026-09-21 15:00:00+02:00,681.8895809300006,677.7248637100012,-4.164717219999488
Region 6,2026-09-22 16:00:00+02:00,2026-09-22 00:00:00+02:00,2026-09-21 16:00:00+02:00,665.7692273300005,659.0866595600014,-6.682567769999082
Region 6,2026-09-22 17:00:00+02:00,2026-09-22 00:00:00+02:00,2026-09-21 17:00:00+02:00,658.8313066299992,653.367037810001,-5.46426881999821
Region 6,2026-09-22 18:00:00+02:00,2026-09-22 00:00:00+02:00,2026-09-21 18:00:00+02:00,666.3526788999994,661.1625997599996,-5.1900791399998525
Region 6,2026-09-22 19:00:00+02:00,2026-09-22 00:00:00+02:00,2026-09-21 19:00:00+02:00,637.8529262500001,635.7700493299999,-2.082876920000217
Region 6,2026-09-22 20:00:00+02:00,2026-09-22 00:00:00+02:00,2026-09-21 20:00:00+02:00,576.5940790799996,573.6220586799991,-2.972020400000474
Region 6,2026-09-22 21:00:00+02:00,2026-09-22 00:00:00+02:00,2026-09-21 21:00:00+02:00,499.76904631000076,498.0709391200002,-1.6981071900005418
Region 6,2026-09-22 22:00:00+02:00,2026-09-22 00:00:00+02:00,2026-09-21 22:00:00+02:00,439.2151865300002,437.65592599,-1.5592605400001958
Region 6,2026-09-22 23:00:00+02:00,2026-09-22 00:00:00+02:00,2026-09-21 23:00:00+02:00,411.7565468700006,409.04260524999995,-2.7139416200006394
Region 6,2026-09-23 00:00:00+02:00,2026-09-23 00:00:00+02:00,2026-09-22 00:00:00+02:00,383.5262104099996,381.11343700000066,-2.4127734099989198
Region 6,2026-09-23 01:00:00+02:00,2026-09-23 00:00:00+02:00,2026-09-22 01:00:00+02:00,385.5435203599994,378.1589446800003,-7.384575679999102
Region 6,2026-09-23 02:00:00+02:00,2026-09-23 00:00:00+02:00,2026-09-22 02:00:00+02:00,384.2578897099999,390.3018639400007,6.043974230000799
Region 6,2026-09-23 03:00:00+02:00,2026-09-23 00:00:00+02:00,2026-09-22 03:00:00+02:00,389.93376251,387.5202965599998,-2.413465950000216
Region 6,2026-09-23 04:00:00+02:00,2026-09-23 00:00:00+02:00,2026-09-22 04:00:00+02:00,407.0086580800002,413.9233144799999,6.9146563999996715
Region 6,2026-09-23 05:00:00+02:00,2026-09-23 00:00:00+02:00,2026-09-22 05:00:00+02:00,461.7971545499999,462.04887495999964,0.25172040999973433
Region 6,2026-09-23 06:00:00+02:00,2026-09-23 00:00:00+02:00,2026-09-22 06:00:00+02:00,532.8949729100009,530.1907536199999,-2.7042192900009923
Region 6,2026-09-23 07:00:00+02:00,2026-09-23 00:00:00+02:00,2026-09-22 07:00:00+02:00,597.1600147300002,596.8025226600004,-0.3574920699998074
Region 6,2026-09-23 08:00:00+02:00,2026-09-23 00:00:00+02:00,2026-09-22 08:00:00+02:00,616.0363905799999,612.2456750199997,-3.7907155600001943
Region 6,2026-09-23 09:00:00+02:00,2026-09-23 00:00:00+02:00,2026-09-22 09:00:00+02:00,629.4987362999993,629.7013253200001,0.2025890200008007
Region 6,2026-09-23 10:00:00+02:00,2026-09-23 00:00:00+02:00,2026-09-22 10:00:00+02:00,652.9013379000002,651.4237668299993,-1.477571070000863
Region 6,2026-09-23 11:00:00+02:00,2026-09-23 00:00:00+02:00,2026-09-22 11:00:00+02:00,695.262108250001,680.5142755500009,-14.747832700000117
Region 6,2026-09-23 12:00:00+02:00,2026-09-23 00:00:00+02:00,2026-09-22 12:00:00+02:00,732.1321051699997,727.4710881200009,-4.661017049998804
Region 6,2026-09-23 13:00:00+02:00,2026-09-23 00:00:00+02:00,2026-09-22 13:00:00+02:00,730.89996252,729.6118121400012,-1.2881503799987968
Region 6,2026-09-23 14:00:00+02:00,2026-09-23 00:00:00+02:00,2026-09-22 14:00:00+02:00,716.6345383800004,711.7012487399993,-4.933289640001135
Region 6,2026-09-23 15:00:00+02:00,2026-09-23 00:00:00+02:00,2026-09-22 15:00:00+02:00,678.8094834799994,681.8895809300006,3.08009745000129
Region 6,2026-09-23 16:00:00+02:00,2026-09-23 00:00:00+02:00,2026-09-22 16:00:00+02:00,673.3506714099996,665.7692273300005,-7.581444079999073
Region 6,2026-09-23 17:00:00+02:00,2026-09-23 00:00:00+02:00,2026-09-22 17:00:00+02:00,662.6131526999987,658.8313066299992,-3.781846069999574
Region 6,2026-09-23 18:00:00+02:00,2026-09-23 00:00:00+02:00,2026-09-22 18:00:00+02:00,664.8770935299991,666.3526788999994,1.4755853700003172
Region 6,2026-09-23 19:00:00+02:00,2026-09-23 00:00:00+02:00,2026-09-22 19:00:00+02:00,635.2099143099988,637.8529262500001,2.6430119400013155
Region 6,2026-09-23 20:00:00+02:00,2026-09-23 00:00:00+02:00,2026-09-22 20:00:00+02:00,579.7434596000008,576.5940790799996,-3.149380520001273
Region 6,2026-09-23 21:00:00+02:00,2026-09-23 00:00:00+02:00,2026-09-22 21:00:00+02:00,506.53213109999933,499.76904631000076,-6.763084789998572
Region 6,2026-09-23 22:00:00+02:00,2026-09-23 00:00:00+02:00,2026-09-22 22:00:00+02:00,439.4518611799996,439.2151865300002,-0.23667464999937238
Region 6,2026-09-23 23:00:00+02:00,2026-09-23 00:00:00+02:00,2026-09-22 23:00:00+02:00,402.8781922899994,411.7565468700006,8.8783545800012
Region 6,2026-09-24 00:00:00+02:00,2026-09-24 00:00:00+02:00,2026-09-23 00:00:00+02:00,391.34485295,383.5262104099996,-7.81864254000044
Region 6,2026-09-24 01:00:00+02:00,2026-09-24 00:00:00+02:00,2026-09-23 01:00:00+02:00,390.7979308799996,385.5435203599994,-5.254410520000249
Region 6,2026-09-24 02:00:00+02:00,2026-09-24 00:00:00+02:00,2026-09-23 02:00:00+02:00,379.97339652999983,384.2578897099999,4.284493180000084
Region 6,2026-09-24 03:00:00+02:00,2026-09-24 00:00:00+02:00,2026-09-23 03:00:00+02:00,395.2089296400002,389.93376251,-5.27516713000017
Region 6,2026-09-24 04:00:00+02:00,2026-09-24 00:00:00+02:00,2026-09-23 04:00:00+02:00,416.3114876699993,407.0086580800002,-9.302829589999078
Region 6,2026-09-24 05:00:00+02:00,2026-09-24 00:00:00+02:00,2026-09-23 05:00:00+02:00,466.18237633999945,461.7971545499999,-4.385221789999548
Region 6,2026-09-24 06:00:00+02:00,2026-09-24 00:00:00+02:00,2026-09-23 06:00:00+02:00,536.9699197699996,532.8949729100009,-4.074946859998704
Region 6,2026-09-24 07:00:00+02:00,2026-09-24 00:00:00+02:00,2026-09-23 07:00:00+02:00,597.4269138000006,597.1600147300002,-0.26689907000047697
Region 6,2026-09-24 08:00:00+02:00,2026-09-24 00:00:00+02:00,2026-09-23 08:00:00+02:00,622.3152045900011,616.0363905799999,-6.27881401000127
Region 6,2026-09-24 09:00:00+02:00,2026-09-24 00:00:00+02:00,2026-09-23 09:00:00+02:00,630.0721140199996,629.4987362999993,-0.5733777200002805
Region 6,2026-09-24 10:00:00+02:00,2026-09-24 00:00:00+02:00,2026-09-23 10:00:00+02:00,649.5187567000002,652.9013379000002,3.382581200000004
Region 6,2026-09-24 11:00:00+02:00,2026-09-24 00:00:00+02:00,2026-09-23 11:00:00+02:00,690.70181104,695.262108250001,4.560297210000954
Region 6,2026-09-24 12:00:00+02:00,2026-09-24 00:00:00+02:00,2026-09-23 12:00:00+02:00,729.8008256399997,732.1321051699997,2.3312795299999607
Region 6,2026-09-24 13:00:00+02:00,2026-09-24 00:00:00+02:00,2026-09-23 13:00:00+02:00,735.2290859100003,730.89996252,-4.329123390000291
Region 6,2026-09-24 14:00:00+02:00,2026-09-24 00:00:00+02:00,2026-09-23 14:00:00+02:00,713.8070657100016,716.6345383800004,2.8274726699988832
Region 6,2026-09-24 15:00:00+02:00,2026-09-24 00:00:00+02:00,2026-09-23 15:00:00+02:00,684.8812603799995,678.8094834799994,-6.071776900000145
Region 6,2026-09-24 16:00:00+02:00,2026-09-24 00:00:00+02:00,2026-09-23 16:00:00+02:00,670.8675446699991,673.3506714099996,2.4831267400004435
Region 6,2026-09-24 17:00:00+02:00,2026-09-24 00:00:00+02:00,2026-09-23 17:00:00+02:00,667.9671171599985,662.6131526999987,-5.353964459999702
Region 6,2026-09-24 18:00:00+02:00,2026-09-24 00:00:00+02:00,2026-09-23 18:00:00+02:00,669.2022143599995,664.8770935299991,-4.325120830000401
Region 6,2026-09-24 19:00:00+02:00,2026-09-24 00:00:00+02:00,2026-09-23 19:00:00+02:00,637.5230562600013,635.2099143099988,-2.313141950002546
Region 6,2026-09-24 20:00:00+02:00,2026-09-24 00:00:00+02:00,2026-09-23 20:00:00+02:00,582.0176328100002,579.7434596000008,-2.2741732099993897
Region 6,2026-09-24 21:00:00+02:00,2026-09-24 00:00:00+02:00,2026-09-23 21:00:00+02:00,506.21438771000055,506.53213109999933,0.3177433899987818
Region 6,2026-09-24 22:00:00+02:00,2026-09-24 00:00:00+02:00,2026-09-23 22:00:00+02:00,439.2864733800004,439.4518611799996,0.16538779999916642
Region 6,2026-09-24 23:00:00+02:00,2026-09-24 00:00:00+02:00,2026-09-23 23:00:00+02:00,406.28411864999987,402.8781922899994,-3.4059263600004783
Region 6,2026-09-25 00:00:00+02:00,2026-09-25 00:00:00+02:00,2026-09-24 00:00:00+02:00,389.47709539,391.34485295,1.8677575600000296
Region 6,2026-09-25 01:00:00+02:00,2026-09-25 00:00:00+02:00,2026-09-24 01:00:00+02:00,384.23858234999943,390.7979308799996,6.559348530000193
Region 6,2026-09-25 02:00:00+02:00,2026-09-25 00:00:00+02:00,2026-09-24 02:00:00+02:00,387.84825939000035,379.97339652999983,-7.874862860000519
Region 6,2026-09-25 03:00:00+02:00,2026-09-25 00:00:00+02:00,2026-09-24 03:00:00+02:00,394.5821250699997,395.2089296400002,0.6268045700005018
Region 6,2026-09-25 04:00:00+02:00,2026-09-25 00:00:00+02:00,2026-09-24 04:00:00+02:00,414.71809947,416.3114876699993,1.5933881999992536
Region 6,2026-09-25 05:00:00+02:00,2026-09-25 00:00:00+02:00,2026-09-24 05:00:00+02:00,458.7155593700002,466.18237633999945,7.466816969999229
Region 6,2026-09-25 06:00:00+02:00,2026-09-25 00:00:00+02:00,2026-09-24 06:00:00+02:00,536.100875200001,536.9699197699996,0.8690445699985503
Region 6,2026-09-25 07:00:00+02:00,2026-09-25 00:00:00+02:00,2026-09-24 07:00:00+02:00,601.1505245599996,597.4269138000006,-3.7236107599989055
Region 6,2026-09-25 08:00:00+02:00,2026-09-25 00:00:00+02:00,2026-09-24 08:00:00+02:00,624.3747066899992,622.3152045900011,-2.059502099998099
Region 6,2026-09-25 09:00:00+02:00,2026-09-25 00:00:00+02:00,2026-09-24 09:00:00+02:00,633.9657462199999,630.0721140199996,-3.8936322000002974
Region 6,2026-09-25 10:00:00+02:00,2026-09-25 00:00:00+02:00,2026-09-24 10:00:00+02:00,661.2581731900008,649.5187567000002,-11.739416490000622
Region 6,2026-09-25 11:00:00+02:00,2026-09-25 00:00:00+02:00,2026-09-24 11:00:00+02:00,700.5152784999992,690.70181104,-9.813467459999174
Region 6,2026-09-25 12:00:00+02:00,2026-09-25 00:00:00+02:00,2026-09-24 12:00:00+02:00,728.7912321899983,729.8008256399997,1.0095934500014891
Region 6,2026-09-25 13:00:00+02:00,2026-09-25 00:00:00+02:00,2026-09-24 13:00:00+02:00,734.775081069999,735.2290859100003,0.45400484000128927
Region 6,2026-09-25 14:00:00+02:00,2026-09-25 00:00:00+02:00,2026-09-24 14:00:00+02:00,715.617582519999,713.8070657100016,-1.8105168099974662
Region 6,2026-09-25 15:00:00+02:00,2026-09-25 00:00:00+02:00,2026-09-24 15:00:00+02:00,681.5426632099989,684.8812603799995,3.3385971700006394
Region 6,2026-09-25 16:00:00+02:00,2026-09-25 00:00:00+02:00,2026-09-24 16:00:00+02:00,669.4731473399991,670.8675446699991,1.3943973300000607
Region 6,2026-09-25 17:00:00+02:00,2026-09-25 00:00:00+02:00,2026-09-24 17:00:00+02:00,671.1675896299998,667.9671171599985,-3.2004724700013867
Region 6,2026-09-25 18:00:00+02:00,2026-09-25 00:00:00+02:00,2026-09-24 18:00:00+02:00,667.4089128899984,669.2022143599995,1.7933014700010972
Region 6,2026-09-25 19:00:00+02:00,2026-09-25 00:00:00+02:00,2026-09-24 19:00:00+02:00,635.7703059600003,637.5230562600013,1.7527503000010256
Region 6,2026-09-25 20:00:00+02:00,2026-09-25 00:00:00+02:00,2026-09-24 20:00:00+02:00,580.5781219200002,582.0176328100002,1.439510890000065
Region 6,2026-09-25 21:00:00+02:00,2026-09-25 00:00:00+02:00,2026-09-24 21:00:00+02:00,508.7571734399999,506.21438771000055,-2.542785729999366
Region 6,2026-09-25 22:00:00+02:00,2026-09-25 00:00:00+02:00,2026-09-24 22:00:00+02:00,442.8721038599997,439.2864733800004,-3.5856304799992813
Region 6,2026-09-25 23:00:00+02:00,2026-09-25 00:00:00+02:00,2026-09-24 23:00:00+02:00,409.54790257000053,406.28411864999987,-3.2637839200006624
Region 6,2026-09-26 00:00:00+02:00,2026-09-26 00:00:00+02:00,2026-09-25 00:00:00+02:00,309.6276608899999,389.47709539,79.84943450000009
Region 6,2026-09-26 01:00:00+02:00,2026-09-26 00:00:00+02:00,2026-09-25 01:00:00+02:00,310.4928862599999,384.23858234999943,73.74569608999951
Region 6,2026-09-26 02:00:00+02:00,2026-09-26 00:00:00+02:00,2026-09-25 02:00:00+02:00,310.7694430300003,387.84825939000035,77.07881636000008
Region 6,2026-09-26 03:00:00+02:00,2026-09-26 00:00:00+02:00,2026-09-25 03:00:00+02:00,314.8900613300002,394.5821250699997,79.69206373999947
Region 6,2026-09-26 04:00:00+02:00,2026-09-26 00:00:00+02:00,2026-09-25 04:00:00+02:00,336.1398915100007,414.71809947,78.5782079599993
Region 6,2026-09-26 05:00:00+02:00,2026-09-26 00:00:00+02:00,2026-09-25 05:00:00+02:00,383.16195846000045,458.7155593700002,75.55360090999977
Region 6,2026-09-26 06:00:00+02:00,2026-09-26 00:00:00+02:00,2026-09-25 06:00:00+02:00,445.1251296200005,536.100875200001,90.97574558000053
Region 6,2026-09-26 07:00:00+02:00,2026-09-26 00:00:00+02:00,2026-09-25 07:00:00+02:00,493.6311532599996,601.1505245599996,107.51937129999993
Region 6,2026-09-26 08:00:00+02:00,2026-09-26 00:00:00+02:00,2026-09-25 08:00:00+02:00,493.4953683199996,624.3747066899992,130.87933836999963
Region 6,2026-09-26 09:00:00+02:00,2026-09-26 00:00:00+02:00,2026-09-25 09:00:00+02:00,476.00870977999955,633.9657462199999,157.95703644000037
Region 6,2026-09-26 10:00:00+02:00,2026-09-26 00:00:00+02:00,2026-09-25 10:00:00+02:00,471.4045232100013,661.2581731900008,189.8536499799995
Region 6,2026-09-26 11:00:00+02:00,2026-09-26 00:00:00+02:00,2026-09-25 11:00:00+02:00,479.7285340100006,700.5152784999992,220.78674448999863
Region 6,2026-09-26 12:00:00+02:00,2026-09-26 00:00:00+02:00,2026-09-25 12:00:00+02:00,503.59846152000034,728.7912321899983,225.1927706699979
Region 6,2026-09-26 13:00:00+02:00,2026-09-26 00:00:00+02:00,2026-09-25 13:00:00+02:00,505.3290299000002,734.775081069999,229.44605116999884
Region 6,2026-09-26 14:00:00+02:00,2026-09-26 00:00:00+02:00,2026-09-25 14:00:00+02:00,494.9115220100005,715.617582519999,220.7060605099985
Region 6,2026-09-26 15:00:00+02:00,2026-09-26 00:00:00+02:00,2026-09-25 15:00:00+02:00,496.1536156300001,681.5426632099989,185.38904757999876
Region 6,2026-09-26 16:00:00+02:00,2026-09-26 00:00:00+02:00,2026-09-25 16:00:00+02:00,507.78880373000004,669.4731473399991,161.68434360999902
Region 6,2026-09-26 17:00:00+02:00,2026-09-26 00:00:00+02:00,2026-09-25 17:00:00+02:00,538.0983291100001,671.1675896299998,133.06926051999972
Region 6,2026-09-26 18:00:00+02:00,2026-09-26 00:00:00+02:00,2026-09-25 18:00:00+02:00,559.6352623600001,667.4089128899984,107.77365052999835
Region 6,2026-09-26 19:00:00+02:00,2026-09-26 00:00:00+02:00,2026-09-25 19:00:00+02:00,549.4680591400005,635.7703059600003,86.30224681999982
Region 6,2026-09-26 20:00:00+02:00,2026-09-26 00:00:00+02:00,2026-09-25 20:00:00+02:00,494.77663019999966,580.5781219200002,85.80149172000051
Region 6,2026-09-26 21:00:00+02:00,2026-09-26 00:00:00+02:00,2026-09-25 21:00:00+02:00,424.1101464400007,508.7571734399999,84.64702699999924
Region 6,2026-09-26 22:00:00+02:00,2026-09-26 00:00:00+02:00,2026-09-25 22:00:00+02:00,355.78287288999996,442.8721038599997,87.08923096999973
Region 6,2026-09-26 23:00:00+02:00,2026-09-26 00:00:00+02:00,2026-09-25 23:00:00+02:00,329.42414723999957,409.54790257000053,80.12375533000096
Region 6,2026-09-27 00:00:00+02:00,2026-09-27 00:00:00+02:00,2026-09-26 00:00:00+02:00,309.1124879400005,309.6276608899999,0.5151729499993962
Region 6,2026-09-27 01:00:00+02:00,2026-09-27 00:00:00+02:00,2026-09-26 01:00:00+02:00,311.3349113500002,310.4928862599999,-0.842025090000277
Region 6,2026-09-27 02:00:00+02:00,2026-09-27 00:00:00+02:00,2026-09-26 02:00:00+02:00,304.1099583000003,310.7694430300003,6.659484729999974
Region 6,2026-09-27 03:00:00+02:00,2026-09-27 00:00:00+02:00,2026-09-26 03:00:00+02:00,321.64278185000046,314.8900613300002,-6.752720520000253
Region 6,2026-09-27 04:00:00+02:00,2026-09-27 00:00:00+02:00,2026-09-26 04:00:00+02:00,336.0875599599998,336.1398915100007,0.05233155000092893
Region 6,2026-09-27 05:00:00+02:00,2026-09-27 00:00:00+02:00,2026-09-26 05:00:00+02:00,380.0352330100004,383.16195846000045,3.1267254500000377
Region 6,2026-09-27 06:00:00+02:00,2026-09-27 00:00:00+02:00,2026-09-26 06:00:00+02:00,449.14255507000036,445.1251296200005,-4.017425449999848
Region 6,2026-09-27 07:00:00+02:00,2026-09-27 00:00:00+02:00,2026-09-26 07:00:00+02:00,490.0546653500001,493.6311532599996,3.576487909999514
Region 6,2026-09-27 08:00:00+02:00,2026-09-27 00:00:00+02:00,2026-09-26 08:00:00+02:00,499.86456178999964,493.4953683199996,-6.3691934700000274
Region 6,2026-09-27 09:00:00+02:00,2026-09-27 00:00:00+02:00,2026-09-26 09:00:00+02:00,484.73541316000046,476.00870977999955,-8.726703380000913
Region 6,2026-09-27 10:00:00+02:00,2026-09-27 00:00:00+02:00,2026-09-26 10:00:00+02:00,473.06340320000015,471.4045232100013,-1.6588799899988658
Region 6,2026-09-27 11:00:00+02:00,2026-09-27 00:00:00+02:00,2026-09-26 11:00:00+02:00,488.2286541399999,479.7285340100006,-8.500120129999289
Region 6,2026-09-27 12:00:00+02:00,2026-09-27 00:00:00+02:00,2026-09-26 12:00:00+02:00,498.2735722900005,503.59846152000034,5.324889229999826
Region 6,2026-09-27 13:00:00+02:00,2026-09-27 00:00:00+02:00,2026-09-26 13:00:00+02:00,504.4079361999996,505.3290299000002,0.921093700000597
Region 6,2026-09-27 14:00:00+02:00,2026-09-27 00:00:00+02:00,2026-09-26 14:00:00+02:00,498.31349311000093,494.9115220100005,-3.4019711000004236
Region 6,2026-09-27 15:00:00+02:00,2026-09-27 00:00:00+02:00,2026-09-26 15:00:00+02:00,496.5671983199999,496.1536156300001,-0.413582689999771
Region 6,2026-09-27 16:00:00+02:00,2026-09-27 00:00:00+02:00,2026-09-26 16:00:00+02:00,511.4752086099999,507.78880373000004,-3.686404879999884
Region 6,2026-09-27 17:00:00+02:00,2026-09-27 00:00:00+02:00,2026-09-26 17:00:00+02:00,540.443791630001,538.0983291100001,-2.345462520000865
Region 6,2026-09-27 18:00:00+02:00,2026-09-27 00:00:00+02:00,2026-09-26 18:00:00+02:00,563.5609126899991,559.6352623600001,-3.92565032999903
Region 6,2026-09-27 19:00:00+02:00,2026-09-27 00:00:00+02:00,2026-09-26 19:00:00+02:00,548.2773588100001,549.4680591400005,1.190700330000368
Region 6,2026-09-27 20:00:00+02:00,2026-09-27 00:00:00+02:00,2026-09-26 20:00:00+02:00,494.6845320100009,494.77663019999966,0.09209818999875097
Region 6,2026-09-27 21:00:00+02:00,2026-09-27 00:00:00+02:00,2026-09-26 21:00:00+02:00,428.8205129499999,424.1101464400007,-4.710366509999233
Region 6,2026-09-27 22:00:00+02:00,2026-09-27 00:00:00+02:00,2026-09-26 22:00:00+02:00,364.57491732,355.78287288999996,-8.792044430000033
Region 6,2026-09-27 23:00:00+02:00,2026-09-27 00:00:00+02:00,2026-09-26 23:00:00+02:00,333.98101700999996,329.42414723999957,-4.5568697700003895
Region 6,2026-09-28 00:00:00+02:00,2026-09-28 00:00:00+02:00,2026-09-27 00:00:00+02:00,390.5229412299999,309.1124879400005,-81.4104532899994
Region 6,2026-09-28 01:00:00+02:00,2026-09-28 00:00:00+02:00,2026-09-27 01:00:00+02:00,384.13202993,311.3349113500002,-72.79711857999979
Region 6,2026-09-28 02:00:00+02:00,2026-09-28 00:00:00+02:00,2026-09-27 02:00:00+02:00,392.1040812399996,304.1099583000003,-87.99412293999927
Region 6,2026-09-28 03:00:00+02:00,2026-09-28 00:00:00+02:00,2026-09-27 03:00:00+02:00,393.75564860999935,321.64278185000046,-72.1128667599989
Region 6,2026-09-28 04:00:00+02:00,2026-09-28 00:00:00+02:00,2026-09-27 04:00:00+02:00,419.13283805999987,336.0875599599998,-83.04527810000008
Region 6,2026-09-28 05:00:00+02:00,2026-09-28 00:00:00+02:00,2026-09-27 05:00:00+02:00,466.1329876599996,380.0352330100004,-86.09775464999922
Region 6,2026-09-28 06:00:00+02:00,2026-09-28 00:00:00+02:00,2026-09-27 06:00:00+02:00,545.3048841000001,449.14255507000036,-96.16232902999974
Region 6,2026-09-28 07:00:00+02:00,2026-09-28 00:00:00+02:00,2026-09-27 07:00:00+02:00,600.5260219399995,490.0546653500001,-110.4713565899994
Region 6,2026-09-28 08:00:00+02:00,2026-09-28 00:00:00+02:00,2026-09-27 08:00:00+02:00,627.0010102600006,499.86456178999964,-127.13644847000097
Region 6,2026-09-28 09:00:00+02:00,2026-09-28 00:00:00+02:00,2026-09-27 09:00:00+02:00,637.0732867199988,484.73541316000046,-152.33787355999834
Region 6,2026-09-28 10:00:00+02:00,2026-09-28 00:00:00+02:00,2026-09-27 10:00:00+02:00,653.4965056300007,473.06340320000015,-180.43310243000053
Region 6,2026-09-28 11:00:00+02:00,2026-09-28 00:00:00+02:00,2026-09-27 11:00:00+02:00,701.8434565700005,488.2286541399999,-213.61480243000062
Region 6,2026-09-28 12:00:00+02:00,2026-09-28 00:00:00+02:00,2026-09-27 12:00:00+02:00,733.2082422300008,498.2735722900005,-234.93466994000028
Region 6,2026-09-28 13:00:00+02:00,2026-09-28 00:00:00+02:00,2026-09-27 13:00:00+02:00,749.1119544499998,504.4079361999996,-244.70401825000016
Region 6,2026-09-28 14:00:00+02:00,2026-09-28 00:00:00+02:00,2026-09-27 14:00:00+02:00,715.8145005199992,498.31349311000093,-217.5010074099983
Region 6,2026-09-28 15:00:00+02:00,2026-09-28 00:00:00+02:00,2026-09-27 15:00:00+02:00,694.2541261200007,496.5671983199999,-197.68692780000083
Region 6,2026-09-28 16:00:00+02:00,2026-09-28 00:00:00+02:00,2026-09-27 16:00:00+02:00,674.4122184899986,511.4752086099999,-162.9370098799987
Region 6,2026-09-28 17:00:00+02:00,2026-09-28 00:00:00+02:00,2026-09-27 17:00:00+02:00,679.9278655299985,540.443791630001,-139.4840738999975
Region 6,2026-09-28 18:00:00+02:00,2026-09-28 00:00:00+02:00,2026-09-27 18:00:00+02:00,671.5699943800004,563.5609126899991,-108.00908169000127
Region 6,2026-09-28 19:00:00+02:00,2026-09-28 00:00:00+02:00,2026-09-27 19:00:00+02:00,642.2777959399987,548.2773588100001,-94.00043712999855
Region 6,2026-09-28 20:00:00+02:00,2026-09-28 00:00:00+02:00,2026-09-27 20:00:00+02:00,591.7931006200002,494.6845320100009,-97.10856860999934
Region 6,2026-09-28 21:00:00+02:00,2026-09-28 00:00:00+02:00,2026-09-27 21:00:00+02:00,508.84165943000005,428.8205129499999,-80.02114648000014
Region 6,2026-09-28 22:00:00+02:00,2026-09-28 00:00:00+02:00,2026-09-27 22:00:00+02:00,452.3951024799998,364.57491732,-87.82018515999982
Region 6,2026-09-28 23:00:00+02:00,2026-09-28 00:00:00+02:00,2026-09-27 23:00:00+02:00,411.28793065999986,333.98101700999996,-77.3069136499999
Region 7,2026-09-22 00:00:00+02:00,2026-09-22 00:00:00+02:00,2026-09-21 00:00:00+02:00,400.38947572999973,408.40240410000035,8.012928370000623
Region 7,2026-09-22 01:00:00+02:00,2026-09-22 00:00:00+02:00,2026-09-21 01:00:00+02:00,411.49930959999995,404.78973723999985,-6.709572360000095
Region 7,2026-09-22 02:00:00+02:00,2026-09-22 00:00:00+02:00,2026-09-21 02:00:00+02:00,412.4817524199999,419.8918110600004,7.4100586400005
Region 7,2026-09-22 03:00:00+02:00,2026-09-22 00:00:00+02:00,2026-09-21 03:00:00+02:00,415.5211823299999,415.5752019399999,0.05401961000001165
Region 7,2026-09-22 04:00:00+02:00,2026-09-22 00:00:00+02:00,2026-09-21 04:00:00+02:00,446.74289256999987,448.2820562599994,1.5391636899995547
Region 7,2026-09-22 05:00:00+02:00,2026-09-22 00:00:00+02:00,2026-09-21 05:00:00+02:00,495.083402890001,491.8980198999996,-3.185382990001415
Region 7,2026-09-22 06:00:00+02:00,2026-09-22 00:00:00+02:00,2026-09-21 06:00:00+02:00,564.0049796299988,560.4532567099998,-3.551722919999065
Region 7,2026-09-22 07:00:00+02:00,2026-09-22 00:00:00+02:00,2026-09-21 07:00:00+02:00,616.1986091800004,621.7006146499998,5.502005469999403
Region 7,2026-09-22 08:00:00+02:00,2026-09-22 00:00:00+02:00,2026-09-21 08:00:00+02:00,653.0545474500001,647.0873682999999,-5.96717915000022
Region 7,2026-09-22 09:00:00+02:00,2026-09-22 00:00:00+02:00,2026-09-21 09:00:00+02:00,649.8722528900018,645.2581339699998,-4.614118920002056
Region 7,2026-09-22 10:00:00+02:00,2026-09-22 00:00:00+02:00,2026-09-21 10:00:00+02:00,665.4582330899993,656.5417027899998,-8.916530299999522
Region 7,2026-09-22 11:00:00+02:00,2026-09-22 00:00:00+02:00,2026-09-21 11:00:00+02:00,698.6845277599992,706.8643540199994,8.17982626000014
Region 7,2026-09-22 12:00:00+02:00,2026-09-22 00:00:00+02:00,2026-09-21 12:00:00+02:00,738.3454697599991,729.3710983000009,-8.974371459998224
Region 7,2026-09-22 13:00:00+02:00,2026-09-22 00:00:00+02:00,2026-09-21 13:00:00+02:00,737.85164667,739.0979230799996,1.2462764099996093
Region 7,2026-09-22 14:00:00+02:00,2026-09-22 00:00:00+02:00,2026-09-21 14:00:00+02:00,717.82148529,718.1039607899991,0.2824754999990091
Region 7,2026-09-22 15:00:00+02:00,2026-09-22 00:00:00+02:00,2026-09-21 15:00:00+02:00,695.8887313599995,692.87070209,-3.018029269999488
Region 7,2026-09-22 16:00:00+02:00,2026-09-22 00:00:00+02:00,2026-09-21 16:00:00+02:00,686.6090937499998,682.2370602999996,-4.372033450000231
Region 7,2026-09-22 17:00:00+02:00,2026-09-22 00:00:00+02:00,2026-09-21 17:00:00+02:00,690.8537328100018,689.132177969999,-1.7215548400027956
Region 7,2026-09-22 18:00:00+02:00,2026-09-22 00:00:00+02:00,2026-09-21 18:00:00+02:00,692.8193232800014,696.50831842,3.6889951399986103
Region 7,2026-09-22 19:00:00+02:00,2026-09-22 00:00:00+02:00,2026-09-21 19:00:00+02:00,669.50632333,665.5271627299992,-3.979160600000796
Region 7,2026-09-22 20:00:00+02:00,2026-09-22 00:00:00+02:00,2026-09-21 20:00:00+02:00,604.0392870300002,593.1072914400006,-10.931995589999588
Region 7,2026-09-22 21:00:00+02:00,2026-09-22 00:00:00+02:00,2026-09-21 21:00:00+02:00,524.0062115499992,530.0785939900004,6.072382440001206
Region 7,2026-09-22 22:00:00+02:00,2026-09-22 00:00:00+02:00,2026-09-21 22:00:00+02:00,466.5620338299999,475.2672931500003,8.70525932000038
Region 7,2026-09-22 23:00:00+02:00,2026-09-22 00:00:00+02:00,2026-09-21 23:00:00+02:00,434.7144401399997,432.75171217999963,-1.962727960000052
Region 7,2026-09-23 00:00:00+02:00,2026-09-23 00:00:00+02:00,2026-09-22 00:00:00+02:00,416.95589064000035,400.38947572999973,-16.566414910000617
Region 7,2026-09-23 01:00:00+02:00,2026-09-23 00:00:00+02:00,2026-09-22 01:00:00+02:00,408.5912563700012,411.49930959999995,2.9080532299987567
Region 7,2026-09-23 02:00:00+02:00,2026-09-23 00:00:00+02:00,2026-09-22 02:00:00+02:00,415.19898548000003,412.4817524199999,-2.717233060000126
Region 7,2026-09-23 03:00:00+02:00,2026-09-23 00:00:00+02:00,2026-09-22 03:00:00+02:00,413.5949083299991,415.5211823299999,1.9262740000007739
Region 7,2026-09-23 04:00:00+02:00,2026-09-23 00:00:00+02:00,2026-09-22 04:00:00+02:00,444.47489393,446.74289256999987,2.2679986399998597
Region 7,2026-09-23 05:00:00+02:00,2026-09-23 00:00:00+02:00,2026-09-22 05:00:00+02:00,484.66124190000033,495.083402890001,10.422160990000691
Region 7,2026-09-23 06:00:00+02:00,2026-09-23 00:00:00+02:00,2026-09-22 06:00:00+02:00,565.6762378899991,564.0049796299988,-1.671258260000286
Region 7,2026-09-23 07:00:00+02:00,2026-09-23 00:00:00+02:00,2026-09-22 07:00:00+02:00,629.0857345799998,616.1986091800004,-12.887125399999377
Region 7,2026-09-23 08:00:00+02:00,2026-09-23 00:00:00+02:00,2026-09-22 08:00:00+02:00,648.5759080400007,653.0545474500001,4.478639409999346
Region 7,2026-09-23 09:00:00+02:00,2026-09-23 00:00:00+02:00,2026-09-22 09:00:00+02:00,642.9354861200005,649.8722528900018,6.936766770001327
Region 7,2026-09-23 10:00:00+02:00,2026-09-23 00:00:00+02:00,2026-09-22 10:00:00+02:00,671.243170829999,665.4582330899993,-5.784937739999691
Region 7,2026-09-23 11:00:00+02:00,2026-09-23 00:00:00+02:00,2026-09-22 11:00:00+02:00,707.5420917800005,698.6845277599992,-8.857564020001291
Region 7,2026-09-23 12:00:00+02:00,2026-09-23 00:00:00+02:00,2026-09-22 12:00:00+02:00,733.3009862099988,738.3454697599991,5.044483550000336
Region 7,2026-09-23 13:00:00+02:00,2026-09-23 00:00:00+02:00,2026-09-22 13:00:00+02:00,741.7647787699997,737.85164667,-3.9131320999996433
Region 7,2026-09-23 14:00:00+02:00,2026-09-23 00:00:00+02:00,2026-09-22 14:00:00+02:00,726.160638879998,717.82148529,-8.339153589997977
Region 7,2026-09-23 15:00:00+02:00,2026-09-23 00:00:00+02:00,2026-09-22 15:00:00+02:00,695.3726954999996,695.8887313599995,0.5160358599998744
Region 7,2026-09-23 16:00:00+02:00,2026-09-23 00:00:00+02:00,2026-09-22 16:00:00+02:00,687.1700971300013,686.6090937499998,-0.5610033800014662
Region 7,2026-09-23 17:00:00+02:00,2026-09-23 00:00:00+02:00,2026-09-22 17:00:00+02:00,692.0218865100001,690.8537328100018,-1.1681536999982427
Region 7,2026-09-23 18:00:00+02:00,2026-09-23 00:00:00+02:00,2026-09-22 18:00:00+02:00,696.7001726699999,692.8193232800014,-3.8808493899985024
Region 7,2026-09-23 19:00:00+02:00,2026-09-23 00:00:00+02:00,2026-09-22 19:00:00+02:00,671.5299517700005,669.50632333,-2.0236284400004934
Region 7,2026-09-23 20:00:00+02:00,2026-09-23 00:00:00+02:00,2026-09-22 20:00:00+02:00,607.3406197399994,604.0392870300002,-3.301332709999201
Region 7,2026-09-23 21:00:00+02:00,2026-09-23 00:00:00+02:00,2026-09-22 21:00:00+02:00,527.569186529999,524.0062115499992,-3.562974979999808
Region 7,2026-09-23 22:00:00+02:00,2026-09-23 00:00:00+02:00,2026-09-22 22:00:00+02:00,475.1848895499995,466.5620338299999,-8.62285571999962
Region 7,2026-09-23 23:00:00+02:00,2026-09-23 00:00:00+02:00,2026-09-22 23:00:00+02:00,436.72340792000057,434.7144401399997,-2.008967780000887
Region 7,2026-09-24 00:00:00+02:00,2026-09-24 00:00:00+02:00,2026-09-23 00:00:00+02:00,418.8557006999998,416.95589064000035,-1.8998100599994245
Region 7,2026-09-24 01:00:00+02:00,2026-09-24 00:00:00+02:00,2026-09-23 01:00:00+02:00,422.00162063999943,408.5912563700012,-13.41036426999824
Region 7,2026-09-24 02:00:00+02:00,2026-09-24 00:00:00+02:00,2026-09-23 02:00:00+02:00,411.2865798599991,415.19898548000003,3.912405620000925
Region 7,2026-09-24 03:00:00+02:00,2026-09-24 00:00:00+02:00,2026-09-23 03:00:00+02:00,423.0169528300004,413.5949083299991,-9.422044500001277
Region 7,2026-09-24 04:00:00+02:00,2026-09-24 00:00:00+02:00,2026-09-23 04:00:00+02:00,447.1923797599996,444.47489393,-2.717485829999589
Region 7,2026-09-24 05:00:00+02:00,2026-09-24 00:00:00+02:00,2026-09-23 05:00:00+02:00,492.9433286399996,484.66124190000033,-8.282086739999272
Region 7,2026-09-24 06:00:00+02:00,2026-09-24 00:00:00+02:00,2026-09-23 06:00:00+02:00,566.46242153,565.6762378899991,-0.7861836400008997
Region 7,2026-09-24 07:00:00+02:00,2026-09-24 00:00:00+02:00,2026-09-23 07:00:00+02:00,622.6241523900012,629.0857345799998,6.46158218999858
Region 7,2026-09-24 08:00:00+02:00,2026-09-24 00:00:00+02:00,2026-09-23 08:00:00+02:00,645.5644211800001,648.5759080400007,3.011486860000673
Region 7,2026-09-24 09:00:00+02:00,2026-09-24 00:00:00+02:00,2026-09-23 09:00:00+02:00,646.3108303400011,642.9354861200005,-3.3753442200005566
Region 7,2026-09-24 10:00:00+02:00,2026-09-24 00:00:00+02:00,2026-09-23 10:00:00+02:00,673.3638330499995,671.243170829999,-2.1206622200004404
Region 7,2026-09-24 11:00:00+02:00,2026-09-24 00:00:00+02:00,2026-09-23 11:00:00+02:00,702.9231328200012,707.5420917800005,4.618958959999304
Region 7,2026-09-24 12:00:00+02:00,2026-09-24 00:00:00+02:00,2026-09-23 12:00:00+02:00,739.1528349299998,733.3009862099988,-5.851848720001044
Region 7,2026-09-24 13:00:00+02:00,2026-09-24 00:00:00+02:00,2026-09-23 13:00:00+02:00,736.6385682999987,741.7647787699997,5.126210470000956
Region 7,2026-09-24 14:00:00+02:00,2026-09-24 00:00:00+02:00,2026-09-23 14:00:00+02:00,725.9571847199998,726.160638879998,0.2034541599982731
Region 7,2026-09-24 15:00:00+02:00,2026-09-24 00:00:00+02:00,2026-09-23 15:00:00+02:00,695.92849695,695.3726954999996,-0.555801450000331
Region 7,2026-09-24 16:00:00+02:00,2026-09-24 00:00:00+02:00,2026-09-23 16:00:00+02:00,686.4375430000018,687.1700971300013,0.7325541299994711
Region 7,2026-09-24 17:00:00+02:00,2026-09-24 00:00:00+02:00,2026-09-23 17:00:00+02:00,700.1955423399996,692.0218865100001,-8.173655829999575
Region 7,2026-09-24 18:00:00+02:00,2026-09-24 00:00:00+02:00,2026-09-23 18:00:00+02:00,700.0070391500009,696.7001726699999,-3.306866480000963
Region 7,2026-09-24 19:00:00+02:00,2026-09-24 00:00:00+02:00,2026-09-23 19:00:00+02:00,675.8922090300011,671.5299517700005,-4.362257260000661
Region 7,2026-09-24 20:00:00+02:00,2026-09-24 00:00:00+02:00,2026-09-23 20:00:00+02:00,614.5314389999995,607.3406197399994,-7.190819260000126
Region 7,2026-09-24 21:00:00+02:00,2026-09-24 00:00:00+02:00,2026-09-23 21:00:00+02:00,542.2974274599993,527.569186529999,-14.728240930000311
Region 7,2026-09-24 22:00:00+02:00,2026-09-24 00:00:00+02:00,2026-09-23 22:00:00+02:00,474.8617380200002,475.1848895499995,0.32315152999933616
Region 7,2026-09-24 23:00:00+02:00,2026-09-24 00:00:00+02:00,2026-09-23 23:00:00+02:00,438.1190671099997,436.72340792000057,-1.3956591899991508
Region 7,2026-09-25 00:00:00+02:00,2026-09-25 00:00:00+02:00,2026-09-24 00:00:00+02:00,414.9968497299999,418.8557006999998,3.858850969999878
Region 7,2026-09-25 01:00:00+02:00,2026-09-25 00:00:00+02:00,2026-09-24 01:00:00+02:00,413.31358644,422.00162063999943,8.688034199999436
Region 7,2026-09-25 02:00:00+02:00,2026-09-25 00:00:00+02:00,2026-09-24 02:00:00+02:00,416.78799191999934,411.2865798599991,-5.501412060000234
Region 7,2026-09-25 03:00:00+02:00,2026-09-25 00:00:00+02:00,2026-09-24 03:00:00+02:00,425.0827622699996,423.0169528300004,-2.0658094399992137
Region 7,2026-09-25 04:00:00+02:00,2026-09-25 00:00:00+02:00,2026-09-24 04:00:00+02:00,446.4850677300001,447.1923797599996,0.7073120299995139
Region 7,2026-09-25 05:00:00+02:00,2026-09-25 00:00:00+02:00,2026-09-24 05:00:00+02:00,491.7303384199993,492.9433286399996,1.212990220000279
Region 7,2026-09-25 06:00:00+02:00,2026-09-25 00:00:00+02:00,2026-09-24 06:00:00+02:00,566.0319116199989,566.46242153,0.43050991000109207
Region 7,2026-09-25 07:00:00+02:00,2026-09-25 00:00:00+02:00,2026-09-24 07:00:00+02:00,628.4677400999993,622.6241523900012,-5.843587709998133
Region 7,2026-09-25 08:00:00+02:00,2026-09-25 00:00:00+02:00,2026-09-24 08:00:00+02:00,647.6417678300016,645.5644211800001,-2.077346650001573
Region 7,2026-09-25 09:00:00+02:00,2026-09-25 00:00:00+02:00,2026-09-24 09:00:00+02:00,643.4937013999992,646.3108303400011,2.8171289400019077
Region 7,2026-09-25 10:00:00+02:00,2026-09-25 00:00:00+02:00,2026-09-24 10:00:00+02:00,670.6108352399995,673.3638330499995,2.7529978100000108
Region 7,2026-09-25 11:00:00+02:00,2026-09-25 00:00:00+02:00,2026-09-24 11:00:00+02:00,712.1345133999997,702.9231328200012,-9.21138057999849
Region 7,2026-09-25 12:00:00+02:00,2026-09-25 00:00:00+02:00,2026-09-24 12:00:00+02:00,733.8724633400004,739.1528349299998,5.28037158999939
Region 7,2026-09-25 13:00:00+02:00,2026-09-25 00:00:00+02:00,2026-09-24 13:00:00+02:00,751.0493109099997,736.6385682999987,-14.410742610000966
Region 7,2026-09-25 14:00:00+02:00,2026-09-25 00:00:00+02:00,2026-09-24 14:00:00+02:00,724.0954529599986,725.9571847199998,1.8617317600011347
Region 7,2026-09-25 15:00:00+02:00,2026-09-25 00:00:00+02:00,2026-09-24 15:00:00+02:00,700.36051071,695.92849695,-4.432013760000018
Region 7,2026-09-25 16:00:00+02:00,2026-09-25 00:00:00+02:00,2026-09-24 16:00:00+02:00,697.4385270299998,686.4375430000018,-11.000984029997994
Region 7,2026-09-25 17:00:00+02:00,2026-09-25 00:00:00+02:00,2026-09-24 17:00:00+02:00,692.4049731500002,700.1955423399996,7.790569189999474
Region 7,2026-09-25 18:00:00+02:00,2026-09-25 00:00:00+02:00,2026-09-24 18:00:00+02:00,697.8869836700002,700.0070391500009,2.120055480000701
Region 7,2026-09-25 19:00:00+02:00,2026-09-25 00:00:00+02:00,2026-09-24 19:00:00+02:00,673.0623606900009,675.8922090300011,2.8298483400002397
Region 7,2026-09-25 20:00:00+02:00,2026-09-25 00:00:00+02:00,2026-09-24 20:00:00+02:00,611.28125919,614.5314389999995,3.2501798099995085
Region 7,2026-09-25 21:00:00+02:00,2026-09-25 00:00:00+02:00,2026-09-24 21:00:00+02:00,538.1752157000005,542.2974274599993,4.122211759998777
Region 7,2026-09-25 22:00:00+02:00,2026-09-25 00:00:00+02:00,2026-09-24 22:00:00+02:00,477.41016688999963,474.8617380200002,-2.548428869999441
Region 7,2026-09-25 23:00:00+02:00,2026-09-25 00:00:00+02:00,2026-09-24 23:00:00+02:00,435.05657528000023,438.1190671099997,3.0624918299994874
Region 7,2026-09-26 00:00:00+02:00,2026-09-26 00:00:00+02:00,2026-09-25 00:00:00+02:00,336.2445924300003,414.9968497299999,78.7522572999996
Region 7,2026-09-26 01:00:00+02:00,2026-09-26 00:00:00+02:00,2026-09-25 01:00:00+02:00,332.2723228900006,413.31358644,81.04126354999937
Region 7,2026-09-26 02:00:00+02:00,2026-09-26 00:00:00+02:00,2026-09-25 02:00:00+02:00,334.65885879000075,416.78799191999934,82.12913312999859
Region 7,2026-09-26 03:00:00+02:00,2026-09-26 00:00:00+02:00,2026-09-25 03:00:00+02:00,343.9279120600001,425.0827622699996,81.1548502099995
Region 7,2026-09-26 04:00:00+02:00,2026-09-26 00:00:00+02:00,2026-09-25 04:00:00+02:00,362.3260225399999,446.4850677300001,84.1590451900002
Region 7,2026-09-26 05:00:00+02:00,2026-09-26 00:00:00+02:00,2026-09-25 05:00:00+02:00,411.70168272999973,491.7303384199993,80.0286556899996
Region 7,2026-09-26 06:00:00+02:00,2026-09-26 00:00:00+02:00,2026-09-25 06:00:00+02:00,473.48160331999986,566.0319116199989,92.55030829999907
Region 7,2026-09-26 07:00:00+02:00,2026-09-26 00:00:00+02:00,2026-09-25 07:00:00+02:00,522.7224682699997,628.4677400999993,105.74527182999964
Region 7,2026-09-26 08:00:00+02:00,2026-09-26 00:00:00+02:00,2026-09-25 08:00:00+02:00,524.2779477399993,647.6417678300016,123.36382009000238
Region 7,2026-09-26 09:00:00+02:00,2026-09-26 00:00:00+02:00,2026-09-25 09:00:00+02:00,499.2596872900007,643.4937013999992,144.23401410999844
Region 7,2026-09-26 10:00:00+02:00,2026-09-26 00:00:00+02:00,2026-09-25 10:00:00+02:00,490.84641732999967,670.6108352399995,179.7644179099998
Region 7,2026-09-26 11:00:00+02:00,2026-09-26 00:00:00+02:00,2026-09-25 11:00:00+02:00,500.5324466299994,712.1345133999997,211.6020667700003
Region 7,2026-09-26 12:00:00+02:00,2026-09-26 00:00:00+02:00,2026-09-25 12:00:00+02:00,517.5893480900006,733.8724633400004,216.2831152499998
Region 7,2026-09-26 13:00:00+02:00,2026-09-26 00:00:00+02:00,2026-09-25 13:00:00+02:00,517.0148600500011,751.0493109099997,234.03445085999863
Region 7,2026-09-26 14:00:00+02:00,2026-09-26 00:00:00+02:00,2026-09-25 14:00:00+02:00,513.8297211600012,724.0954529599986,210.2657317999974
Region 7,2026-09-26 15:00:00+02:00,2026-09-26 00:00:00+02:00,2026-09-25 15:00:00+02:00,511.7907159300002,700.36051071,188.56979477999977
Region 7,2026-09-26 16:00:00+02:00,2026-09-26 00:00:00+02:00,2026-09-25 16:00:00+02:00,525.9650580099994,697.4385270299998,171.47346902000038
Region 7,2026-09-26 17:00:00+02:00,2026-09-26 00:00:00+02:00,2026-09-25 17:00:00+02:00,562.0144223200002,692.4049731500002,130.39055082999994
Region 7,2026-09-26 18:00:00+02:00,2026-09-26 00:00:00+02:00,2026-09-25 18:00:00+02:00,587.7813996099993,697.8869836700002,110.10558406000087
Region 7,2026-09-26 19:00:00+02:00,2026-09-26 00:00:00+02:00,2026-09-25 19:00:00+02:00,583.3522908699999,673.0623606900009,89.71006982000097
Region 7,2026-09-26 20:00:00+02:00,2026-09-26 00:00:00+02:00,2026-09-25 20:00:00+02:00,525.9662820100007,611.28125919,85.31497717999935
Region 7,2026-09-26 21:00:00+02:00,2026-09-26 00:00:00+02:00,2026-09-25 21:00:00+02:00,452.9891101300004,538.1752157000005,85.18610557000011
Region 7,2026-09-26 22:00:00+02:00,2026-09-26 00:00:00+02:00,2026-09-25 22:00:00+02:00,390.1363742100007,477.41016688999963,87.2737926799989
Region 7,2026-09-26 23:00:00+02:00,2026-09-26 00:00:00+02:00,2026-09-25 23:00:00+02:00,355.265258109999,435.05657528000023,79.79131717000121
Region 7,2026-09-27 00:00:00+02:00,2026-09-27 00:00:00+02:00,2026-09-26 00:00:00+02:00,330.6913553800002,336.2445924300003,5.553237050000121
Region 7,2026-09-27 01:00:00+02:00,2026-09-27 00:00:00+02:00,2026-09-26 01:00:00+02:00,338.06118346999966,332.2723228900006,-5.788860579999039
Region 7,2026-09-27 02:00:00+02:00,2026-09-27 00:00:00+02:00,2026-09-26 02:00:00+02:00,340.0752454100006,334.65885879000075,-5.416386619999855
Region 7,2026-09-27 03:00:00+02:00,2026-09-27 00:00:00+02:00,2026-09-26 03:00:00+02:00,346.0869963999998,343.9279120600001,-2.1590843399997084
Region 7,2026-09-27 04:00:00+02:00,2026-09-27 00:00:00+02:00,2026-09-26 04:00:00+02:00,366.0807093500002,362.3260225399999,-3.754686810000294
Region 7,2026-09-27 05:00:00+02:00,2026-09-27 00:00:00+02:00,2026-09-26 05:00:00+02:00,408.51788999000064,411.70168272999973,3.1837927399990917
Region 7,2026-09-27 06:00:00+02:00,2026-09-27 00:00:00+02:00,2026-09-26 06:00:00+02:00,473.1349332400008,473.48160331999986,0.34667007999905763
Region 7,2026-09-27 07:00:00+02:00,2026-09-27 00:00:00+02:00,2026-09-26 07:00:00+02:00,525.1940298000001,522.7224682699997,-2.471561530000372
Region 7,2026-09-27 08:00:00+02:00,2026-09-27 00:00:00+02:00,2026-09-26 08:00:00+02:00,524.5143929400002,524.2779477399993,-0.2364452000009578
Region 7,2026-09-27 09:00:00+02:00,2026-09-27 00:00:00+02:00,2026-09-26 09:00:00+02:00,502.00868156999917,499.2596872900007,-2.748994279998442
Region 7,2026-09-27 10:00:00+02:00,2026-09-27 00:00:00+02:00,2026-09-26 10:00:00+02:00,492.34557155999977,490.84641732999967,-1.4991542300001015
Region 7,2026-09-27 11:00:00+02:00,2026-09-27 00:00:00+02:00,2026-09-26 11:00:00+02:00,506.29034454000043,500.5324466299994,-5.75789791000102
Region 7,2026-09-27 12:00:00+02:00,2026-09-27 00:00:00+02:00,2026-09-26 12:00:00+02:00,515.97735563,517.5893480900006,1.6119924600005788
Region 7,2026-09-27 13:00:00+02:00,2026-09-27 00:00:00+02:00,2026-09-26 13:00:00+02:00,516.7967932899993,517.0148600500011,0.2180667600017614
Region 7,2026-09-27 14:00:00+02:00,2026-09-27 00:00:00+02:00,2026-09-26 14:00:00+02:00,511.43802866999926,513.8297211600012,2.391692490001958
Region 7,2026-09-27 15:00:00+02:00,2026-09-27 00:00:00+02:00,2026-09-26 15:00:00+02:00,511.23025622999967,511.7907159300002,0.5604597000005356
Region 7,2026-09-27 16:00:00+02:00,2026-09-27 00:00:00+02:00,2026-09-26 16:00:00+02:00,531.17265633,525.9650580099994,-5.207598320000557
Region 7,2026-09-27 17:00:00+02:00,2026-09-27 00:00:00+02:00,2026-09-26 17:00:00+02:00,562.7972758400012,562.0144223200002,-0.7828535200010265
Region 7,2026-09-27 18:00:00+02:00,2026-09-27 00:00:00+02:00,2026-09-26 18:00:00+02:00,591.9984556200002,587.7813996099993,-4.217056010000874
Region 7,2026-09-27 19:00:00+02:00,2026-09-27 00:00:00+02:00,2026-09-26 19:00:00+02:00,579.4924308900002,583.3522908699999,3.859859979999783
Region 7,2026-09-27 20:00:00+02:00,2026-09-27 00:00:00+02:00,2026-09-26 20:00:00+02:00,528.5703683900001,525.9662820100007,-2.604086379999444
Region 7,2026-09-27 21:00:00+02:00,2026-09-27 00:00:00+02:00,2026-09-26 21:00:00+02:00,453.92461668000055,452.9891101300004,-0.9355065500001274
Region 7,2026-09-27 22:00:00+02:00,2026-09-27 00:00:00+02:00,2026-09-26 22:00:00+02:00,393.18800304,390.1363742100007,-3.051628829999288
Region 7,2026-09-27 23:00:00+02:00,2026-09-27 00:00:00+02:00,2026-09-26 23:00:00+02:00,360.21076836,355.265258109999,-4.94551025000095
Region 7,2026-09-28 00:00:00+02:00,2026-09-28 00:00:00+02:00,2026-09-27 00:00:00+02:00,417.77447767999973,330.6913553800002,-87.08312229999956
Region 7,2026-09-28 01:00:00+02:00,2026-09-28 00:00:00+02:00,2026-09-27 01:00:00+02:00,416.8139931,338.06118346999966,-78.75280963000034
Region 7,2026-09-28 02:00:00+02:00,2026-09-28 00:00:00+02:00,2026-09-27 02:00:00+02:00,417.54668881999953,340.0752454100006,-77.47144340999893
Region 7,2026-09-28 03:00:00+02:00,2026-09-28 00:00:00+02:00,2026-09-27 03:00:00+02:00,427.1058709199999,346.0869963999998,-81.01887452000011
Region 7,2026-09-28 04:00:00+02:00,2026-09-28 00:00:00+02:00,2026-09-27 04:00:00+02:00,448.1450847700007,366.0807093500002,-82.06437542000054
Region 7,2026-09-28 05:00:00+02:00,2026-09-28 00:00:00+02:00,2026-09-27 05:00:00+02:00,496.65523540999936,408.51788999000064,-88.13734541999872
Region 7,2026-09-28 06:00:00+02:00,2026-09-28 00:00:00+02:00,2026-09-27 06:00:00+02:00,576.8969431399993,473.1349332400008,-103.76200989999847
Region 7,2026-09-28 07:00:00+02:00,2026-09-28 00:00:00+02:00,2026-09-27 07:00:00+02:00,633.1249756799998,525.1940298000001,-107.93094587999974
Region 7,2026-09-28 08:00:00+02:00,2026-09-28 00:00:00+02:00,2026-09-27 08:00:00+02:00,659.2075482000006,524.5143929400002,-134.69315526000037
Region 7,2026-09-28 09:00:00+02:00,2026-09-28 00:00:00+02:00,2026-09-27 09:00:00+02:00,655.4248700600002,502.00868156999917,-153.41618849000105
Region 7,2026-09-28 10:00:00+02:00,2026-09-28 00:00:00+02:00,2026-09-27 10:00:00+02:00,672.5598440200008,492.34557155999977,-180.21427246000104
Region 7,2026-09-28 11:00:00+02:00,2026-09-28 00:00:00+02:00,2026-09-27 11:00:00+02:00,708.76806327,506.29034454000043,-202.47771872999954
Region 7,2026-09-28 12:00:00+02:00,2026-09-28 00:00:00+02:00,2026-09-27 12:00:00+02:00,737.1378337900004,515.97735563,-221.16047816000037
Region 7,2026-09-28 13:00:00+02:00,2026-09-28 00:00:00+02:00,2026-09-27 13:00:00+02:00,750.2043289999998,516.7967932899993,-233.4075357100005
Region 7,2026-09-28 14:00:00+02:00,2026-09-28 00:00:00+02:00,2026-09-27 14:00:00+02:00,732.7294766400006,511.43802866999926,-221.29144797000134
Region 7,2026-09-28 15:00:00+02:00,2026-09-28 00:00:00+02:00,2026-09-27 15:00:00+02:00,707.82620145,511.23025622999967,-196.59594522000032
Region 7,2026-09-28 16:00:00+02:00,2026-09-28 00:00:00+02:00,2026-09-27 16:00:00+02:00,689.6255186100001,531.17265633,-158.4528622800001
Region 7,2026-09-28 17:00:00+02:00,2026-09-28 00:00:00+02:00,2026-09-27 17:00:00+02:00,692.6070099199994,562.7972758400012,-129.80973407999818
Region 7,2026-09-28 18:00:00+02:00,2026-09-28 00:00:00+02:00,2026-09-27 18:00:00+02:00,705.5964239800003,591.9984556200002,-113.5979683600001
Region 7,2026-09-28 19:00:00+02:00,2026-09-28 00:00:00+02:00,2026-09-27 19:00:00+02:00,680.0243218399992,579.4924308900002,-100.53189094999902
Region 7,2026-09-28 20:00:00+02:00,2026-09-28 00:00:00+02:00,2026-09-27 20:00:00+02:00,622.1030552000001,528.5703683900001,-93.53268680999997
Region 7,2026-09-28 21:00:00+02:00,2026-09-28 00:00:00+02:00,2026-09-27 21:00:00+02:00,549.93796769,453.92461668000055,-96.0133510099995
Region 7,2026-09-28 22:00:00+02:00,2026-09-28 00:00:00+02:00,2026-09-27 22:00:00+02:00,473.9159146800003,393.18800304,-80.72791164000029
Region 7,2026-09-28 23:00:00+02:00,2026-09-28 00:00:00+02:00,2026-09-27 23:00:00+02:00,444.66145677999907,360.21076836,-84.4506884199991
Region 8,2026-09-22 00:00:00+02:00,2026-09-22 00:00:00+02:00,2026-09-21 00:00:00+02:00,639.6419730400004,630.3780208499998,-9.263952190000623
Region 8,2026-09-22 01:00:00+02:00,2026-09-22 00:00:00+02:00,2026-09-21 01:00:00+02:00,646.8357343699985,632.679420169999,-14.156314199999429
Region 8,2026-09-22 02:00:00+02:00,2026-09-22 00:00:00+02:00,2026-09-21 02:00:00+02:00,636.7389791300008,632.4343660199997,-4.304613110001014
Region 8,2026-09-22 03:00:00+02:00,2026-09-22 00:00:00+02:00,2026-09-21 03:00:00+02:00,643.2596622800004,642.81559472,-0.44406756000034875
Region 8,2026-09-22 04:00:00+02:00,2026-09-22 00:00:00+02:00,2026-09-21 04:00:00+02:00,664.3743515200007,663.8923345099998,-0.4820170100008454
Region 8,2026-09-22 05:00:00+02:00,2026-09-22 00:00:00+02:00,2026-09-21 05:00:00+02:00,714.6314674500009,708.7626560499982,-5.868811400002642
Region 8,2026-09-22 06:00:00+02:00,2026-09-22 00:00:00+02:00,2026-09-21 06:00:00+02:00,773.4255363599993,781.0660091600004,7.640472800001021
Region 8,2026-09-22 07:00:00+02:00,2026-09-22 00:00:00+02:00,2026-09-21 07:00:00+02:00,841.0663227900001,838.3890055700007,-2.677317219999395
Region 8,2026-09-22 08:00:00+02:00,2026-09-22 00:00:00+02:00,2026-09-21 08:00:00+02:00,865.6132451000007,859.2933750999982,-6.319870000002425
Region 8,2026-09-22 09:00:00+02:00,2026-09-22 00:00:00+02:00,2026-09-21 09:00:00+02:00,890.2998555600001,885.8327387300012,-4.467116829998872
Region 8,2026-09-22 10:00:00+02:00,2026-09-22 00:00:00+02:00,2026-09-21 10:00:00+02:00,917.0565526499993,900.4516545500011,-16.604898099998195
Region 8,2026-09-22 11:00:00+02:00,2026-09-22 00:00:00+02:00,2026-09-21 11:00:00+02:00,964.1941149400011,952.3298246400012,-11.86429029999988
Region 8,2026-09-22 12:00:00+02:00,2026-09-22 00:00:00+02:00,2026-09-21 12:00:00+02:00,995.6792448800002,981.1232135900003,-14.55603128999985
Region 8,2026-09-22 13:00:00+02:00,2026-09-22 00:00:00+02:00,2026-09-21 13:00:00+02:00,995.3188733000014,992.3624650199998,-2.9564082800015967
Region 8,2026-09-22 14:00:00+02:00,2026-09-22 00:00:00+02:00,2026-09-21 14:00:00+02:00,979.23749356,976.8216229700008,-2.4158705899991446
Region 8,2026-09-22 15:00:00+02:00,2026-09-22 00:00:00+02:00,2026-09-21 15:00:00+02:00,933.3893007100003,930.8890517000004,-2.500249009999834
Region 8,2026-09-22 16:00:00+02:00,2026-09-22 00:00:00+02:00,2026-09-21 16:00:00+02:00,920.8303691800008,917.850437399999,-2.9799317800018343
Region 8,2026-09-22 17:00:00+02:00,2026-09-22 00:00:00+02:00,2026-09-21 17:00:00+02:00,914.8315427799996,905.5849774899992,-9.246565290000376
Region 8,2026-09-22 18:00:00+02:00,2026-09-22 00:00:00+02:00,2026-09-21 18:00:00+02:00,905.6681937100007,908.0784227999983,2.4102290899976424
Region 8,2026-09-22 19:00:00+02:00,2026-09-22 00:00:00+02:00,2026-09-21 19:00:00+02:00,877.9288592899981,868.1392273299983,-9.789631959999724
Region 8,2026-09-22 20:00:00+02:00,2026-09-22 00:00:00+02:00,2026-09-21 20:00:00+02:00,813.64457429,820.8804577400006,7.235883450000529
Region 8,2026-09-22 21:00:00+02:00,2026-09-22 00:00:00+02:00,2026-09-21 21:00:00+02:00,747.0258861999989,749.0261958199997,2.000309620000735
Region 8,2026-09-22 22:00:00+02:00,2026-09-22 00:00:00+02:00,2026-09-21 22:00:00+02:00,688.6191381900005,681.5044044499996,-7.114733740000929
Region 8,2026-09-22 23:00:00+02:00,2026-09-22 00:00:00+02:00,2026-09-21 23:00:00+02:00,658.8258835699991,653.2860934700001,-5.5397900999989815
Region 8,2026-09-23 00:00:00+02:00,2026-09-23 00:00:00+02:00,2026-09-22 00:00:00+02:00,635.8583751299993,639.6419730400004,3.783597910001049
Region 8,2026-09-23 01:00:00+02:00,2026-09-23 00:00:00+02:00,2026-09-22 01:00:00+02:00,637.6677528699994,646.8357343699985,9.167981499999087
Region 8,2026-09-23 02:00:00+02:00,2026-09-23 00:00:00+02:00,2026-09-22 02:00:00+02:00,640.8540465600007,636.7389791300008,-4.115067429999954
Region 8,2026-09-23 03:00:00+02:00,2026-09-23 00:00:00+02:00,2026-09-22 03:00:00+02:00,646.16587159,643.2596622800004,-2.9062093099996673
Region 8,2026-09-23 04:00:00+02:00,2026-09-23 00:00:00+02:00,2026-09-22 04:00:00+02:00,671.5968046899992,664.3743515200007,-7.222453169998516
Region 8,2026-09-23 05:00:00+02:00,2026-09-23 00:00:00+02:00,2026-09-22 05:00:00+02:00,702.8201380800019,714.6314674500009,11.81132936999893
Region 8,2026-09-23 06:00:00+02:00,2026-09-23 00:00:00+02:00,2026-09-22 06:00:00+02:00,773.6821027300003,773.4255363599993,-0.25656637000099636
Region 8,2026-09-23 07:00:00+02:00,2026-09-23 00:00:00+02:00,2026-09-22 07:00:00+02:00,844.8469280899998,841.0663227900001,-3.7806052999997064
Region 8,2026-09-23 08:00:00+02:00,2026-09-23 00:00:00+02:00,2026-09-22 08:00:00+02:00,870.5126055499992,865.6132451000007,-4.8993604499985395
Region 8,2026-09-23 09:00:00+02:00,2026-09-23 00:00:00+02:00,2026-09-22 09:00:00+02:00,889.9430167399996,890.2998555600001,0.35683882000046196
Region 8,2026-09-23 10:00:00+02:00,2026-09-23 00:00:00+02:00,2026-09-22 10:00:00+02:00,918.5777284899996,917.0565526499993,-1.5211758400002964
Region 8,2026-09-23 11:00:00+02:00,2026-09-23 00:00:00+02:00,2026-09-22 11:00:00+02:00,950.0624777700001,964.1941149400011,14.131637170001
Region 8,2026-09-23 12:00:00+02:00,2026-09-23 00:00:00+02:00,2026-09-22 12:00:00+02:00,986.1174885099985,995.6792448800002,9.561756370001717
Region 8,2026-09-23 13:00:00+02:00,2026-09-23 00:00:00+02:00,2026-09-22 13:00:00+02:00,995.0616700100012,995.3188733000014,0.2572032900002341
Region 8,2026-09-23 14:00:00+02:00,2026-09-23 00:00:00+02:00,2026-09-22 14:00:00+02:00,981.0009274500005,979.23749356,-1.763433890000556
Region 8,2026-09-23 15:00:00+02:00,2026-09-23 00:00:00+02:00,2026-09-22 15:00:00+02:00,937.0008261500021,933.3893007100003,-3.6115254400018557
Region 8,2026-09-23 16:00:00+02:00,2026-09-23 00:00:00+02:00,2026-09-22 16:00:00+02:00,913.6613512399992,920.8303691800008,7.169017940001595
Region 8,2026-09-23 17:00:00+02:00,2026-09-23 00:00:00+02:00,2026-09-22 17:00:00+02:00,911.1400416900003,914.8315427799996,3.691501089999292
Region 8,2026-09-23 18:00:00+02:00,2026-09-23 00:00:00+02:00,2026-09-22 18:00:00+02:00,896.5583349500014,905.6681937100007,9.10985875999927
Region 8,2026-09-23 19:00:00+02:00,2026-09-23 00:00:00+02:00,2026-09-22 19:00:00+02:00,875.0907713399993,877.9288592899981,2.838087949998794
Region 8,2026-09-23 20:00:00+02:00,2026-09-23 00:00:00+02:00,2026-09-22 20:00:00+02:00,819.3324040000001,813.64457429,-5.687829710000074
Region 8,2026-09-23 21:00:00+02:00,2026-09-23 00:00:00+02:00,2026-09-22 21:00:00+02:00,751.4600263499989,747.0258861999989,-4.434140149999962
Region 8,2026-09-23 22:00:00+02:00,2026-09-23 00:00:00+02:00,2026-09-22 22:00:00+02:00,696.6457938299993,688.6191381900005,-8.026655639998808
Region 8,2026-09-23 23:00:00+02:00,2026-09-23 00:00:00+02:00,2026-09-22 23:00:00+02:00,658.3920549899999,658.8258835699991,0.43382857999915814
Region 8,2026-09-24 00:00:00+02:00,2026-09-24 00:00:00+02:00,2026-09-23 00:00:00+02:00,641.0873066800024,635.8583751299993,-5.22893155000304
Region 8,2026-09-24 01:00:00+02:00,2026-09-24 00:00:00+02:00,2026-09-23 01:00:00+02:00,639.8155715800003,637.6677528699994,-2.1478187100009336
Region 8,2026-09-24 02:00:00+02:00,2026-09-24 00:00:00+02:00,2026-09-23 02:00:00+02:00,645.8754769899994,640.8540465600007,-5.021430429998645
Region 8,2026-09-24 03:00:00+02:00,2026-09-24 00:00:00+02:00,2026-09-23 03:00:00+02:00,639.8185257799996,646.16587159,6.347345810000434
Region 8,2026-09-24 04:00:00+02:00,2026-09-24 00:00:00+02:00,2026-09-23 04:00:00+02:00,671.7248539400017,671.5968046899992,-0.12804925000250478
Region 8,2026-09-24 05:00:00+02:00,2026-09-24 00:00:00+02:00,2026-09-23 05:00:00+02:00,719.7876724799977,702.8201380800019,-16.96753439999577
Region 8,2026-09-24 06:00:00+02:00,2026-09-24 00:00:00+02:00,2026-09-23 06:00:00+02:00,781.3700523400013,773.6821027300003,-7.687949610000942
Region 8,2026-09-24 07:00:00+02:00,2026-09-24 00:00:00+02:00,2026-09-23 07:00:00+02:00,837.1346963900012,844.8469280899998,7.712231699998597
Region 8,2026-09-24 08:00:00+02:00,2026-09-24 00:00:00+02:00,2026-09-23 08:00:00+02:00,868.8062301300007,870.5126055499992,1.7063754199984942
Region 8,2026-09-24 09:00:00+02:00,2026-09-24 00:00:00+02:00,2026-09-23 09:00:00+02:00,883.5852113699997,889.9430167399996,6.357805369999937
Region 8,2026-09-24 10:00:00+02:00,2026-09-24 00:00:00+02:00,2026-09-23 10:00:00+02:00,918.8407508299997,918.5777284899996,-0.26302234000013414
Region 8,2026-09-24 11:00:00+02:00,2026-09-24 00:00:00+02:00,2026-09-23 11:00:00+02:00,953.8289953999991,950.0624777700001,-3.7665176299990435
Region 8,2026-09-24 12:00:00+02:00,2026-09-24 00:00:00+02:00,2026-09-23 12:00:00+02:00,1001.0050594699992,986.1174885099985,-14.887570960000744
Region 8,2026-09-24 13:00:00+02:00,2026-09-24 00:00:00+02:00,2026-09-23 13:00:00+02:00,1010.5337463300012,995.0616700100012,-15.472076320000042
Region 8,2026-09-24 14:00:00+02:00,2026-09-24 00:00:00+02:00,2026-09-23 14:00:00+02:00,983.3232757999992,981.0009274500005,-2.3223483499987196
Region 8,2026-09-24 15:00:00+02:00,2026-09-24 00:00:00+02:00,2026-09-23 15:00:00+02:00,941.384583169998,937.0008261500021,-4.383757019995869
Region 8,2026-09-24 16:00:00+02:00,2026-09-24 00:00:00+02:00,2026-09-23 16:00:00+02:00,926.9778545700004,913.6613512399992,-13.316503330001183
Region 8,2026-09-24 17:00:00+02:00,2026-09-24 00:00:00+02:00,2026-09-23 17:00:00+02:00,908.7546305699999,911.1400416900003,2.3854111200004127
Region 8,2026-09-24 18:00:00+02:00,2026-09-24 00:00:00+02:00,2026-09-23 18:00:00+02:00,913.4661096300001,896.5583349500014,-16.907774679998738
Region 8,2026-09-24 19:00:00+02:00,2026-09-24 00:00:00+02:00,2026-09-23 19:00:00+02:00,886.0276898800017,875.0907713399993,-10.936918540002466
Region 8,2026-09-24 20:00:00+02:00,2026-09-24 00:00:00+02:00,2026-09-23 20:00:00+02:00,830.3286307400007,819.3324040000001,-10.996226740000566
Region 8,2026-09-24 21:00:00+02:00,2026-09-24 00:00:00+02:00,2026-09-23 21:00:00+02:00,753.5111333799993,751.4600263499989,-2.0511070300003666
Region 8,2026-09-24 22:00:00+02:00,2026-09-24 00:00:00+02:00,2026-09-23 22:00:00+02:00,690.1401147000005,696.6457938299993,6.505679129998839
Region 8,2026-09-24 23:00:00+02:00,2026-09-24 00:00:00+02:00,2026-09-23 23:00:00+02:00,661.0330126100021,658.3920549899999,-2.6409576200021547
Region 8,2026-09-25 00:00:00+02:00,2026-09-25 00:00:00+02:00,2026-09-24 00:00:00+02:00,645.70477208,641.0873066800024,-4.617465399997627
Region 8,2026-09-25 01:00:00+02:00,2026-09-25 00:00:00+02:00,2026-09-24 01:00:00+02:00,634.9483318199993,639.8155715800003,4.8672397600009845
Region 8,2026-09-25 02:00:00+02:00,2026-09-25 00:00:00+02:00,2026-09-24 02:00:00+02:00,642.6040885900001,645.8754769899994,3.271388399999296
Region 8,2026-09-25 03:00:00+02:00,2026-09-25 00:00:00+02:00,2026-09-24 03:00:00+02:00,643.1443863199999,639.8185257799996,-3.3258605400002352
Region 8,2026-09-25 04:00:00+02:00,2026-09-25 00:00:00+02:00,2026-09-24 04:00:00+02:00,666.6131111100004,671.7248539400017,5.111742830001276
Region 8,2026-09-25 05:00:00+02:00,2026-09-25 00:00:00+02:00,2026-09-24 05:00:00+02:00,716.8109679500003,719.7876724799977,2.9767045299973915
Region 8,2026-09-25 06:00:00+02:00,2026-09-25 00:00:00+02:00,2026-09-24 06:00:00+02:00,786.2057459800012,781.3700523400013,-4.835693639999931
Region 8,2026-09-25 07:00:00+02:00,2026-09-25 00:00:00+02:00,2026-09-24 07:00:00+02:00,841.7775478800014,837.1346963900012,-4.642851490000226
Region 8,2026-09-25 08:00:00+02:00,2026-09-25 00:00:00+02:00,2026-09-24 08:00:00+02:00,875.7452715499985,868.8062301300007,-6.939041419997807
Region 8,2026-09-25 09:00:00+02:00,2026-09-25 00:00:00+02:00,2026-09-24 09:00:00+02:00,885.3535380400003,883.5852113699997,-1.768326670000647
Region 8,2026-09-25 10:00:00+02:00,2026-09-25 00:00:00+02:00,2026-09-24 10:00:00+02:00,908.5780896699996,918.8407508299997,10.262661160000107
Region 8,2026-09-25 11:00:00+02:00,2026-09-25 00:00:00+02:00,2026-09-24 11:00:00+02:00,970.0034096399992,953.8289953999991,-16.174414240000033
Region 8,2026-09-25 12:00:00+02:00,2026-09-25 00:00:00+02:00,2026-09-24 12:00:00+02:00,1003.2112129199994,1001.0050594699992,-2.2061534500002153
Region 8,2026-09-25 13:00:00+02:00,2026-09-25 00:00:00+02:00,2026-09-24 13:00:00+02:00,1016.5545207000005,1010.5337463300012,-6.020774369999231
Region 8,2026-09-25 14:00:00+02:00,2026-09-25 00:00:00+02:00,2026-09-24 14:00:00+02:00,988.8259556899982,983.3232757999992,-5.502679889998944
Region 8,2026-09-25 15:00:00+02:00,2026-09-25 00:00:00+02:00,2026-09-24 15:00:00+02:00,945.7371896500003,941.384583169998,-4.3526064800023505
Region 8,2026-09-25 16:00:00+02:00,2026-09-25 00:00:00+02:00,2026-09-24 16:00:00+02:00,926.5432751900007,926.9778545700004,0.4345793799997182
Region 8,2026-09-25 17:00:00+02:00,2026-09-25 00:00:00+02:00,2026-09-24 17:00:00+02:00,920.6243653899999,908.7546305699999,-11.869734819999962
Region 8,2026-09-25 18:00:00+02:00,2026-09-25 00:00:00+02:00,2026-09-24 18:00:00+02:00,914.0886371200002,913.4661096300001,-0.6225274900000386
Region 8,2026-09-25 19:00:00+02:00,2026-09-25 00:00:00+02:00,2026-09-24 19:00:00+02:00,884.7065941200004,886.0276898800017,1.321095760001299
Region 8,2026-09-25 20:00:00+02:00,2026-09-25 00:00:00+02:00,2026-09-24 20:00:00+02:00,817.9503902300017,830.3286307400007,12.378240509998932
Region 8,2026-09-25 21:00:00+02:00,2026-09-25 00:00:00+02:00,2026-09-24 21:00:00+02:00,753.2830223199991,753.5111333799993,0.2281110600001739
Region 8,2026-09-25 22:00:00+02:00,2026-09-25 00:00:00+02:00,2026-09-24 22:00:00+02:00,699.7114405300016,690.1401147000005,-9.571325830001115
Region 8,2026-09-25 23:00:00+02:00,2026-09-25 00:00:00+02:00,2026-09-24 23:00:00+02:00,659.4338650000008,661.0330126100021,1.599147610001296
Region 8,2026-09-26 00:00:00+02:00,2026-09-26 00:00:00+02:00,2026-09-25 00:00:00+02:00,512.5442649600008,645.70477208,133.16050711999924
Region 8,2026-09-26 01:00:00+02:00,2026-09-26 00:00:00+02:00,2026-09-25 01:00:00+02:00,515.9484786799997,634.9483318199993,118.99985313999969
Region 8,2026-09-26 02:00:00+02:00,2026-09-26 00:00:00+02:00,2026-09-25 02:00:00+02:00,505.99837842999943,642.6040885900001,136.60571016000063
Region 8,2026-09-26 03:00:00+02:00,2026-09-26 00:00:00+02:00,2026-09-25 03:00:00+02:00,524.2605999200005,643.1443863199999,118.8837863999994
Region 8,2026-09-26 04:00:00+02:00,2026-09-26 00:00:00+02:00,2026-09-25 04:00:00+02:00,551.27380761,666.6131111100004,115.33930350000048
Region 8,2026-09-26 05:00:00+02:00,2026-09-26 00:00:00+02:00,2026-09-25 05:00:00+02:00,587.2188720799995,716.8109679500003,129.59209587000078
Region 8,2026-09-26 06:00:00+02:00,2026-09-26 00:00:00+02:00,2026-09-25 06:00:00+02:00,635.0170736599997,786.2057459800012,151.1886723200015
Region 8,2026-09-26 07:00:00+02:00,2026-09-26 00:00:00+02:00,2026-09-25 07:00:00+02:00,686.8324844099989,841.7775478800014,154.94506347000254
Region 8,2026-09-26 08:00:00+02:00,2026-09-26 00:00:00+02:00,2026-09-25 08:00:00+02:00,699.3759052500003,875.7452715499985,176.3693662999982
Region 8,2026-09-26 09:00:00+02:00,2026-09-26 00:00:00+02:00,2026-09-25 09:00:00+02:00,681.4043791800009,885.3535380400003,203.94915885999944
Region 8,2026-09-26 10:00:00+02:00,2026-09-26 00:00:00+02:00,2026-09-25 10:00:00+02:00,683.5939489000006,908.5780896699996,224.98414076999904
Region 8,2026-09-26 11:00:00+02:00,2026-09-26 00:00:00+02:00,2026-09-25 11:00:00+02:00,699.9679251799997,970.0034096399992,270.03548445999945
Region 8,2026-09-26 12:00:00+02:00,2026-09-26 00:00:00+02:00,2026-09-25 12:00:00+02:00,715.6648730899997,1003.2112129199994,287.54633982999974
Region 8,2026-09-26 13:00:00+02:00,2026-09-26 00:00:00+02:00,2026-09-25 13:00:00+02:00,721.2220505199999,1016.5545207000005,295.33247018000054
Region 8,2026-09-26 14:00:00+02:00,2026-09-26 00:00:00+02:00,2026-09-25 14:00:00+02:00,711.6280349699998,988.8259556899982,277.19792071999836
Region 8,2026-09-26 15:00:00+02:00,2026-09-26 00:00:00+02:00,2026-09-25 15:00:00+02:00,699.3252672300017,945.7371896500003,246.41192241999863
Region 8,2026-09-26 16:00:00+02:00,2026-09-26 00:00:00+02:00,2026-09-25 16:00:00+02:00,707.948049660001,926.5432751900007,218.59522552999977
Region 8,2026-09-26 17:00:00+02:00,2026-09-26 00:00:00+02:00,2026-09-25 17:00:00+02:00,734.34973839,920.6243653899999,186.2746269999999
Region 8,2026-09-26 18:00:00+02:00,2026-09-26 00:00:00+02:00,2026-09-25 18:00:00+02:00,749.8249887399992,914.0886371200002,164.26364838000097
Region 8,2026-09-26 19:00:00+02:00,2026-09-26 00:00:00+02:00,2026-09-25 19:00:00+02:00,735.9318729199999,884.7065941200004,148.7747212000005
Region 8,2026-09-26 20:00:00+02:00,2026-09-26 00:00:00+02:00,2026-09-25 20:00:00+02:00,688.5643558099991,817.9503902300017,129.3860344200026
Region 8,2026-09-26 21:00:00+02:00,2026-09-26 00:00:00+02:00,2026-09-25 21:00:00+02:00,623.0751707799998,753.2830223199991,130.2078515399993
Region 8,2026-09-26 22:00:00+02:00,2026-09-26 00:00:00+02:00,2026-09-25 22:00:00+02:00,565.6672800599997,699.7114405300016,134.04416047000188
Region 8,2026-09-26 23:00:00+02:00,2026-09-26 00:00:00+02:00,2026-09-25 23:00:00+02:00,538.39223119,659.4338650000008,121.0416338100008
Region 8,2026-09-27 00:00:00+02:00,2026-09-27 00:00:00+02:00,2026-09-26 00:00:00+02:00,518.4319062300001,512.5442649600008,-5.887641269999335
Region 8,2026-09-27 01:00:00+02:00,2026-09-27 00:00:00+02:00,2026-09-26 01:00:00+02:00,516.92858234,515.9484786799997,-0.9801036600003954
Region 8,2026-09-27 02:00:00+02:00,2026-09-27 00:00:00+02:00,2026-09-26 02:00:00+02:00,518.3714254800008,505.99837842999943,-12.373047050001333
Region 8,2026-09-27 03:00:00+02:00,2026-09-27 00:00:00+02:00,2026-09-26 03:00:00+02:00,524.1311611899994,524.2605999200005,0.12943873000108397
Region 8,2026-09-27 04:00:00+02:00,2026-09-27 00:00:00+02:00,2026-09-26 04:00:00+02:00,541.6118953099999,551.27380761,9.66191230000004
Region 8,2026-09-27 05:00:00+02:00,2026-09-27 00:00:00+02:00,2026-09-26 05:00:00+02:00,579.65787932,587.2188720799995,7.560992759999522
Region 8,2026-09-27 06:00:00+02:00,2026-09-27 00:00:00+02:00,2026-09-26 06:00:00+02:00,646.9513439200006,635.0170736599997,-11.934270260000858
Region 8,2026-09-27 07:00:00+02:00,2026-09-27 00:00:00+02:00,2026-09-26 07:00:00+02:00,690.8929453099997,686.8324844099989,-4.060460900000862
Region 8,2026-09-27 08:00:00+02:00,2026-09-27 00:00:00+02:00,2026-09-26 08:00:00+02:00,699.747346850001,699.3759052500003,-0.3714416000007077
Region 8,2026-09-27 09:00:00+02:00,2026-09-27 00:00:00+02:00,2026-09-26 09:00:00+02:00,687.7858963399995,681.4043791800009,-6.381517159998566
Region 8,2026-09-27 10:00:00+02:00,2026-09-27 00:00:00+02:00,2026-09-26 10:00:00+02:00,688.0281251099999,683.5939489000006,-4.43417620999935
Region 8,2026-09-27 11:00:00+02:00,2026-09-27 00:00:00+02:00,2026-09-26 11:00:00+02:00,686.1348985699997,699.9679251799997,13.833026610000047
Region 8,2026-09-27 12:00:00+02:00,2026-09-27 00:00:00+02:00,2026-09-26 12:00:00+02:00,715.11410808,715.6648730899997,0.5507650099996226
Region 8,2026-09-27 13:00:00+02:00,2026-09-27 00:00:00+02:00,2026-09-26 13:00:00+02:00,717.8251107999994,721.2220505199999,3.396939720000546
Region 8,2026-09-27 14:00:00+02:00,2026-09-27 00:00:00+02:00,2026-09-26 14:00:00+02:00,716.5754826800011,711.6280349699998,-4.947447710001256
Region 8,2026-09-27 15:00:00+02:00,2026-09-27 00:00:00+02:00,2026-09-26 15:00:00+02:00,705.930392640001,699.3252672300017,-6.605125409999232
Region 8,2026-09-27 16:00:00+02:00,2026-09-27 00:00:00+02:00,2026-09-26 16:00:00+02:00,709.9111555900004,707.948049660001,-1.963105929999415
Region 8,2026-09-27 17:00:00+02:00,2026-09-27 00:00:00+02:00,2026-09-26 17:00:00+02:00,741.84979998,734.34973839,-7.500061589999973
Region 8,2026-09-27 18:00:00+02:00,2026-09-27 00:00:00+02:00,2026-09-26 18:00:00+02:00,755.1386435899989,749.8249887399992,-5.313654849999693
Region 8,2026-09-27 19:00:00+02:00,2026-09-27 00:00:00+02:00,2026-09-26 19:00:00+02:00,736.2341119300002,735.9318729199999,-0.30223901000022124
Region 8,2026-09-27 20:00:00+02:00,2026-09-27 00:00:00+02:00,2026-09-26 20:00:00+02:00,686.1411663999993,688.5643558099991,2.42318940999985
Region 8,2026-09-27 21:00:00+02:00,2026-09-27 00:00:00+02:00,2026-09-26 21:00:00+02:00,630.1171191200003,623.0751707799998,-7.041948340000545
Region 8,2026-09-27 22:00:00+02:00,2026-09-27 00:00:00+02:00,2026-09-26 22:00:00+02:00,559.3873183499999,565.6672800599997,6.279961709999839
Region 8,2026-09-27 23:00:00+02:00,2026-09-27 00:00:00+02:00,2026-09-26 23:00:00+02:00,535.5824179,538.39223119,2.8098132899999655
Region 8,2026-09-28 00:00:00+02:00,2026-09-28 00:00:00+02:00,2026-09-27 00:00:00+02:00,656.8258457400002,518.4319062300001,-138.3939395100001
Region 8,2026-09-28 01:00:00+02:00,2026-09-28 00:00:00+02:00,2026-09-27 01:00:00+02:00,653.87761974,516.92858234,-136.94903739999995
Region 8,2026-09-28 02:00:00+02:00,2026-09-28 00:00:00+02:00,2026-09-27 02:00:00+02:00,653.8581772300005,518.3714254800008,-135.4867517499997
Region 8,2026-09-28 03:00:00+02:00,2026-09-28 00:00:00+02:00,2026-09-27 03:00:00+02:00,659.0963462199995,524.1311611899994,-134.96518503000016
Region 8,2026-09-28 04:00:00+02:00,2026-09-28 00:00:00+02:00,2026-09-27 04:00:00+02:00,676.5022391399996,541.6118953099999,-134.89034382999967
Region 8,2026-09-28 05:00:00+02:00,2026-09-28 00:00:00+02:00,2026-09-27 05:00:00+02:00,725.9934004500001,579.65787932,-146.33552113000007
Region 8,2026-09-28 06:00:00+02:00,2026-09-28 00:00:00+02:00,2026-09-27 06:00:00+02:00,784.7497413100001,646.9513439200006,-137.79839738999954
Region 8,2026-09-28 07:00:00+02:00,2026-09-28 00:00:00+02:00,2026-09-27 07:00:00+02:00,852.537716290001,690.8929453099997,-161.64477098000123
Region 8,2026-09-28 08:00:00+02:00,2026-09-28 00:00:00+02:00,2026-09-27 08:00:00+02:00,895.0734374100003,699.747346850001,-195.32609055999933
Region 8,2026-09-28 09:00:00+02:00,2026-09-28 00:00:00+02:00,2026-09-27 09:00:00+02:00,884.9971652799999,687.7858963399995,-197.21126894000042
Region 8,2026-09-28 10:00:00+02:00,2026-09-28 00:00:00+02:00,2026-09-27 10:00:00+02:00,932.2119175499997,688.0281251099999,-244.18379243999982
Region 8,2026-09-28 11:00:00+02:00,2026-09-28 00:00:00+02:00,2026-09-27 11:00:00+02:00,964.2762887000007,686.1348985699997,-278.141390130001
Region 8,2026-09-28 12:00:00+02:00,2026-09-28 00:00:00+02:00,2026-09-27 12:00:00+02:00,1007.450548279999,715.11410808,-292.33644019999895
Region 8,2026-09-28 13:00:00+02:00,2026-09-28 00:00:00+02:00,2026-09-27 13:00:00+02:00,1012.0640161500002,717.8251107999994,-294.2389053500008
Region 8,2026-09-28 14:00:00+02:00,2026-09-28 00:00:00+02:00,2026-09-27 14:00:00+02:00,1003.7155611900004,716.5754826800011,-287.1400785099993
Region 8,2026-09-28 15:00:00+02:00,2026-09-28 00:00:00+02:00,2026-09-27 15:00:00+02:00,956.3089596099982,705.930392640001,-250.37856696999722
Region 8,2026-09-28 16:00:00+02:00,2026-09-28 00:00:00+02:00,2026-09-27 16:00:00+02:00,938.4579590999995,709.9111555900004,-228.5468035099991
Region 8,2026-09-28 17:00:00+02:00,2026-09-28 00:00:00+02:00,2026-09-27 17:00:00+02:00,927.0602848400002,741.84979998,-185.2104848600003
Region 8,2026-09-28 18:00:00+02:00,2026-09-28 00:00:00+02:00,2026-09-27 18:00:00+02:00,911.8973627300007,755.1386435899989,-156.75871914000186
Region 8,2026-09-28 19:00:00+02:00,2026-09-28 00:00:00+02:00,2026-09-27 19:00:00+02:00,879.9213287800006,736.2341119300002,-143.68721685000048
Region 8,2026-09-28 20:00:00+02:00,2026-09-28 00:00:00+02:00,2026-09-27 20:00:00+02:00,825.0950019100004,686.1411663999993,-138.9538355100011
Region 8,2026-09-28 21:00:00+02:00,2026-09-28 00:00:00+02:00,2026-09-27 21:00:00+02:00,764.7937944800002,630.1171191200003,-134.67667535999988
Region 8,2026-09-28 22:00:00+02:00,2026-09-28 00:00:00+02:00,2026-09-27 22:00:00+02:00,708.7433516599996,559.3873183499999,-149.3560333099997
Region 8,2026-09-28 23:00:00+02:00,2026-09-28 00:00:00+02:00,2026-09-27 23:00:00+02:00,671.1761704600005,535.5824179,-135.59375256000055
Region 9,2026-09-22 00:00:00+02:00,2026-09-22 00:00:00+02:00,2026-09-21 00:00:00+02:00,485.9374230999994,475.59233548,-10.345087619999447
Region 9,2026-09-22 01:00:00+02:00,2026-09-22 00:00:00+02:00,2026-09-21 01:00:00+02:00,486.89977587000027,482.4526418900008,-4.447133979999478
Region 9,2026-09-22 02:00:00+02:00,2026-09-22 00:00:00+02:00,2026-09-21 02:00:00+02:00,483.78473648000045,480.45688132999913,-3.3278551500013123
Region 9,2026-09-22 03:00:00+02:00,2026-09-22 00:00:00+02:00,2026-09-21 03:00:00+02:00,488.1980089700001,485.1881722899994,-3.009836680000717
Region 9,2026-09-22 04:00:00+02:00,2026-09-22 00:00:00+02:00,2026-09-21 04:00:00+02:00,510.99500995999995,505.7160999499998,-5.278910010000175
Region 9,2026-09-22 05:00:00+02:00,2026-09-22 00:00:00+02:00,2026-09-21 05:00:00+02:00,555.8431250599999,553.4889038100006,-2.354221249999341
Region 9,2026-09-22 06:00:00+02:00,2026-09-22 00:00:00+02:00,2026-09-21 06:00:00+02:00,625.4356133700005,621.2804576699995,-4.155155700001046
Region 9,2026-09-22 07:00:00+02:00,2026-09-22 00:00:00+02:00,2026-09-21 07:00:00+02:00,683.0023062900009,681.8095607299998,-1.1927455600010717
Region 9,2026-09-22 08:00:00+02:00,2026-09-22 00:00:00+02:00,2026-09-21 08:00:00+02:00,702.9451177800005,696.9875427700007,-5.9575750099998
Region 9,2026-09-22 09:00:00+02:00,2026-09-22 00:00:00+02:00,2026-09-21 09:00:00+02:00,707.3106831400014,709.4967439799997,2.1860608399982766
Region 9,2026-09-22 10:00:00+02:00,2026-09-22 00:00:00+02:00,2026-09-21 10:00:00+02:00,734.0032288099997,724.5645423900002,-9.438686419999499
Region 9,2026-09-22 11:00:00+02:00,2026-09-22 00:00:00+02:00,2026-09-21 11:00:00+02:00,762.2929804500005,762.5156315500005,0.22265110000000732
Region 9,2026-09-22 12:00:00+02:00,2026-09-22 00:00:00+02:00,2026-09-21 12:00:00+02:00,792.3712864600004,786.3755956299999,-5.9956908300005125
Region 9,2026-09-22 13:00:00+02:00,2026-09-22 00:00:00+02:00,2026-09-21 13:00:00+02:00,796.886431629999,788.8152443000005,-8.071187329998565
Region 9,2026-09-22 14:00:00+02:00,2026-09-22 00:00:00+02:00,2026-09-21 14:00:00+02:00,779.9682552099981,780.0407744400006,0.07251923000251281
Region 9,2026-09-22 15:00:00+02:00,2026-09-22 00:00:00+02:00,2026-09-21 15:00:00+02:00,756.0626235699993,753.3700116100008,-2.692611959998544
Region 9,2026-09-22 16:00:00+02:00,2026-09-22 00:00:00+02:00,2026-09-21 16:00:00+02:00,740.2457899699997,750.1928337599998,9.947043790000066
Region 9,2026-09-22 17:00:00+02:00,2026-09-22 00:00:00+02:00,2026-09-21 17:00:00+02:00,745.9360896000001,742.9577393099994,-2.9783502900006624
Region 9,2026-09-22 18:00:00+02:00,2026-09-22 00:00:00+02:00,2026-09-21 18:00:00+02:00,750.4408089200011,752.6821585099991,2.2413495899979807
Region 9,2026-09-22 19:00:00+02:00,2026-09-22 00:00:00+02:00,2026-09-21 19:00:00+02:00,732.0369571400001,720.189024040002,-11.847933099998158
Region 9,2026-09-22 20:00:00+02:00,2026-09-22 00:00:00+02:00,2026-09-21 20:00:00+02:00,663.0307124700012,663.6380375099988,0.6073250399975905
Region 9,2026-09-22 21:00:00+02:00,2026-09-22 00:00:00+02:00,2026-09-21 21:00:00+02:00,596.6792084299996,593.9365562100008,-2.7426522199987176
Region 9,2026-09-22 22:00:00+02:00,2026-09-22 00:00:00+02:00,2026-09-21 22:00:00+02:00,540.1674038500004,537.7987420999995,-2.3686617500009106
Region 9,2026-09-22 23:00:00+02:00,2026-09-22 00:00:00+02:00,2026-09-21 23:00:00+02:00,499.6016738000006,500.66871421000013,1.0670404099995494
Region 9,2026-09-23 00:00:00+02:00,2026-09-23 00:00:00+02:00,2026-09-22 00:00:00+02:00,470.60617705999977,485.9374230999994,15.331246039999655
Region 9,2026-09-23 01:00:00+02:00,2026-09-23 00:00:00+02:00,2026-09-22 01:00:00+02:00,485.25576818999974,486.89977587000027,1.6440076800005272
Region 9,2026-09-23 02:00:00+02:00,2026-09-23 00:00:00+02:00,2026-09-22 02:00:00+02:00,486.2664316199992,483.78473648000045,-2.481695139998749
Region 9,2026-09-23 03:00:00+02:00,2026-09-23 00:00:00+02:00,2026-09-22 03:00:00+02:00,490.9475790499993,488.1980089700001,-2.7495700799992164
Region 9,2026-09-23 04:00:00+02:00,2026-09-23 00:00:00+02:00,2026-09-22 04:00:00+02:00,512.08354691,510.99500995999995,-1.088536950000048
Region 9,2026-09-23 05:00:00+02:00,2026-09-23 00:00:00+02:00,2026-09-22 05:00:00+02:00,555.1951498900007,555.8431250599999,0.6479751699991994
Region 9,2026-09-23 06:00:00+02:00,2026-09-23 00:00:00+02:00,2026-09-22 06:00:00+02:00,628.7744874900003,625.4356133700005,-3.3388741199997867
Region 9,2026-09-23 07:00:00+02:00,2026-09-23 00:00:00+02:00,2026-09-22 07:00:00+02:00,687.5150914799997,683.0023062900009,-4.5127851899987945
Region 9,2026-09-23 08:00:00+02:00,2026-09-23 00:00:00+02:00,2026-09-22 08:00:00+02:00,707.8475485300031,702.9451177800005,-4.9024307500026225
Region 9,2026-09-23 09:00:00+02:00,2026-09-23 00:00:00+02:00,2026-09-22 09:00:00+02:00,706.5691980700008,707.3106831400014,0.7414850700006355
Region 9,2026-09-23 10:00:00+02:00,2026-09-23 00:00:00+02:00,2026-09-22 10:00:00+02:00,728.6719749900008,734.0032288099997,5.331253819998892
Region 9,2026-09-23 11:00:00+02:00,2026-09-23 00:00:00+02:00,2026-09-22 11:00:00+02:00,763.6954523500006,762.2929804500005,-1.4024719000000232
Region 9,2026-09-23 12:00:00+02:00,2026-09-23 00:00:00+02:00,2026-09-22 12:00:00+02:00,791.0069804300006,792.3712864600004,1.3643060299998524
Region 9,2026-09-23 13:00:00+02:00,2026-09-23 00:00:00+02:00,2026-09-22 13:00:00+02:00,808.9595701300004,796.886431629999,-12.073138500001392
Region 9,2026-09-23 14:00:00+02:00,2026-09-23 00:00:00+02:00,2026-09-22 14:00:00+02:00,783.7790641899991,779.9682552099981,-3.8108089800009566
Region 9,2026-09-23 15:00:00+02:00,2026-09-23 00:00:00+02:00,2026-09-22 15:00:00+02:00,751.0435329800006,756.0626235699993,5.019090589998768
Region 9,2026-09-23 16:00:00+02:00,2026-09-23 00:00:00+02:00,2026-09-22 16:00:00+02:00,743.2643103799982,740.2457899699997,-3.018520409998473
Region 9,2026-09-23 17:00:00+02:00,2026-09-23 00:00:00+02:00,2026-09-22 17:00:00+02:00,741.8819288099992,745.9360896000001,4.0541607900008785
Region 9,2026-09-23 18:00:00+02:00,2026-09-23 00:00:00+02:00,2026-09-22 18:00:00+02:00,755.4537277299968,750.4408089200011,-5.012918809995654
Region 9,2026-09-23 19:00:00+02:00,2026-09-23 00:00:00+02:00,2026-09-22 19:00:00+02:00,730.7161378100005,732.0369571400001,1.3208193299996083
Region 9,2026-09-23 20:00:00+02:00,2026-09-23 00:00:00+02:00,2026-09-22 20:00:00+02:00,663.5533213999993,663.0307124700012,-0.522608929998114
Region 9,2026-09-23 21:00:00+02:00,2026-09-23 00:00:00+02:00,2026-09-22 21:00:00+02:00,602.1265409000007,596.6792084299996,-5.447332470001129
Region 9,2026-09-23 22:00:00+02:00,2026-09-23 00:00:00+02:00,2026-09-22 22:00:00+02:00,540.7387171799991,540.1674038500004,-0.5713133299987021
Region 9,2026-09-23 23:00:00+02:00,2026-09-23 00:00:00+02:00,2026-09-22 23:00:00+02:00,498.8897384499999,499.6016738000006,0.7119353500006582
Region 9,2026-09-24 00:00:00+02:00,2026-09-24 00:00:00+02:00,2026-09-23 00:00:00+02:00,486.4340292100002,470.60617705999977,-15.82785215000041
Region 9,2026-09-24 01:00:00+02:00,2026-09-24 00:00:00+02:00,2026-09-23 01:00:00+02:00,485.02268777999996,485.25576818999974,0.2330804099997863
Region 9,2026-09-24 02:00:00+02:00,2026-09-24 00:00:00+02:00,2026-09-23 02:00:00+02:00,487.4147643600007,486.2664316199992,-1.1483327400014787
Region 9,2026-09-24 03:00:00+02:00,2026-09-24 00:00:00+02:00,2026-09-23 03:00:00+02:00,489.6361565499993,490.9475790499993,1.311422499999992
Region 9,2026-09-24 04:00:00+02:00,2026-09-24 00:00:00+02:00,2026-09-23 04:00:00+02:00,501.47479060999945,512.08354691,10.60875630000055
Region 9,2026-09-24 05:00:00+02:00,2026-09-24 00:00:00+02:00,2026-09-23 05:00:00+02:00,551.3018732500003,555.1951498900007,3.8932766400004084
Region 9,2026-09-24 06:00:00+02:00,2026-09-24 00:00:00+02:00,2026-09-23 06:00:00+02:00,632.6915126899997,628.7744874900003,-3.9170251999994434
Region 9,2026-09-24 07:00:00+02:00,2026-09-24 00:00:00+02:00,2026-09-23 07:00:00+02:00,680.8821927499991,687.5150914799997,6.632898730000534
Region 9,2026-09-24 08:00:00+02:00,2026-09-24 00:00:00+02:00,2026-09-23 08:00:00+02:00,703.9808840399999,707.8475485300031,3.866664490003245
Region 9,2026-09-24 09:00:00+02:00,2026-09-24 00:00:00+02:00,2026-09-23 09:00:00+02:00,718.0270664100008,706.5691980700008,-11.457868340000005
Region 9,2026-09-24 10:00:00+02:00,2026-09-24 00:00:00+02:00,2026-09-23 10:00:00+02:00,726.5265704699999,728.6719749900008,2.1454045200008522
Region 9,2026-09-24 11:00:00+02:00,2026-09-24 00:00:00+02:00,2026-09-23 11:00:00+02:00,771.1774623000013,763.6954523500006,-7.482009950000702
Region 9,2026-09-24 12:00:00+02:00,2026-09-24 00:00:00+02:00,2026-09-23 12:00:00+02:00,789.7406437200002,791.0069804300006,1.2663367100003597
Region 9,2026-09-24 13:00:00+02:00,2026-09-24 00:00:00+02:00,2026-09-23 13:00:00+02:00,797.7349867199985,808.9595701300004,11.22458341000197
Region 9,2026-09-24 14:00:00+02:00,2026-09-24 00:00:00+02:00,2026-09-23 14:00:00+02:00,787.1930141200008,783.7790641899991,-3.4139499300017633
Region 9,2026-09-24 15:00:00+02:00,2026-09-24 00:00:00+02:00,2026-09-23 15:00:00+02:00,760.1744840699998,751.0435329800006,-9.130951089999257
Region 9,2026-09-24 16:00:00+02:00,2026-09-24 00:00:00+02:00,2026-09-23 16:00:00+02:00,740.7035063799998,743.2643103799982,2.5608039999983703
Region 9,2026-09-24 17:00:00+02:00,2026-09-24 00:00:00+02:00,2026-09-23 17:00:00+02:00,752.76537522,741.8819288099992,-10.883446410000829
Region 9,2026-09-24 18:00:00+02:00,2026-09-24 00:00:00+02:00,2026-09-23 18:00:00+02:00,752.6674438100002,755.4537277299968,2.7862839199965492
Region 9,2026-09-24 19:00:00+02:00,2026-09-24 00:00:00+02:00,2026-09-23 19:00:00+02:00,735.4302892700019,730.7161378100005,-4.714151460001403
Region 9,2026-09-24 20:00:00+02:00,2026-09-24 00:00:00+02:00,2026-09-23 20:00:00+02:00,676.0373722600008,663.5533213999993,-12.484050860001503
Region 9,2026-09-24 21:00:00+02:00,2026-09-24 00:00:00+02:00,2026-09-23 21:00:00+02:00,595.6021598899998,602.1265409000007,6.524381010000866
Region 9,2026-09-24 22:00:00+02:00,2026-09-24 00:00:00+02:00,2026-09-23 22:00:00+02:00,537.9457497800001,540.7387171799991,2.792967399998929
Region 9,2026-09-24 23:00:00+02:00,2026-09-24 00:00:00+02:00,2026-09-23 23:00:00+02:00,497.26726326999983,498.8897384499999,1.6224751800000945
Region 9,2026-09-25 00:00:00+02:00,2026-09-25 00:00:00+02:00,2026-09-24 00:00:00+02:00,473.48019488999944,486.4340292100002,12.953834320000738
Region 9,2026-09-25 01:00:00+02:00,2026-09-25 00:00:00+02:00,2026-09-24 01:00:00+02:00,478.75227122000007,485.02268777999996,6.270416559999887
Region 9,2026-09-25 02:00:00+02:00,2026-09-25 00:00:00+02:00,2026-09-24 02:00:00+02:00,483.9109869800001,487.4147643600007,3.5037773800005994
Region 9,2026-09-25 03:00:00+02:00,2026-09-25 00:00:00+02:00,2026-09-24 03:00:00+02:00,487.38671947000046,489.6361565499993,2.24943707999887
Region 9,2026-09-25 04:00:00+02:00,2026-09-25 00:00:00+02:00,2026-09-24 04:00:00+02:00,511.38915127000064,501.47479060999945,-9.914360660001194
Region 9,2026-09-25 05:00:00+02:00,2026-09-25 00:00:00+02:00,2026-09-24 05:00:00+02:00,561.2398919099992,551.3018732500003,-9.938018659998875
Region 9,2026-09-25 06:00:00+02:00,2026-09-25 00:00:00+02:00,2026-09-24 06:00:00+02:00,628.0594236799991,632.6915126899997,4.632089010000641
Region 9,2026-09-25 07:00:00+02:00,2026-09-25 00:00:00+02:00,2026-09-24 07:00:00+02:00,693.3291699500011,680.8821927499991,-12.446977200001925
Region 9,2026-09-25 08:00:00+02:00,2026-09-25 00:00:00+02:00,2026-09-24 08:00:00+02:00,716.4691329600014,703.9808840399999,-12.488248920001524
Region 9,2026-09-25 09:00:00+02:00,2026-09-25 00:00:00+02:00,2026-09-24 09:00:00+02:00,715.6121205500011,718.0270664100008,2.414945859999648
Region 9,2026-09-25 10:00:00+02:00,2026-09-25 00:00:00+02:00,2026-09-24 10:00:00+02:00,731.3548320499999,726.5265704699999,-4.828261580000003
Region 9,2026-09-25 11:00:00+02:00,2026-09-25 00:00:00+02:00,2026-09-24 11:00:00+02:00,766.2000938800003,771.1774623000013,4.977368420000971
Region 9,2026-09-25 12:00:00+02:00,2026-09-25 00:00:00+02:00,2026-09-24 12:00:00+02:00,787.0644566699995,789.7406437200002,2.676187050000749
Region 9,2026-09-25 13:00:00+02:00,2026-09-25 00:00:00+02:00,2026-09-24 13:00:00+02:00,799.5569401099995,797.7349867199985,-1.8219533900009992
Region 9,2026-09-25 14:00:00+02:00,2026-09-25 00:00:00+02:00,2026-09-24 14:00:00+02:00,776.7206625100001,787.1930141200008,10.472351610000715
Region 9,2026-09-25 15:00:00+02:00,2026-09-25 00:00:00+02:00,2026-09-24 15:00:00+02:00,754.9173601299999,760.1744840699998,5.2571239399999286
Region 9,2026-09-25 16:00:00+02:00,2026-09-25 00:00:00+02:00,2026-09-24 16:00:00+02:00,750.3948831500012,740.7035063799998,-9.691376770001398
Region 9,2026-09-25 17:00:00+02:00,2026-09-25 00:00:00+02:00,2026-09-24 17:00:00+02:00,751.4078346099999,752.76537522,1.3575406100001146
Region 9,2026-09-25 18:00:00+02:00,2026-09-25 00:00:00+02:00,2026-09-24 18:00:00+02:00,754.3959123600008,752.6674438100002,-1.7284685500005708
Region 9,2026-09-25 19:00:00+02:00,2026-09-25 00:00:00+02:00,2026-09-24 19:00:00+02:00,731.2642807800005,735.4302892700019,4.166008490001445
Region 9,2026-09-25 20:00:00+02:00,2026-09-25 00:00:00+02:00,2026-09-24 20:00:00+02:00,669.1105785899994,676.0373722600008,6.926793670001416
Region 9,2026-09-25 21:00:00+02:00,2026-09-25 00:00:00+02:00,2026-09-24 21:00:00+02:00,600.1725692000008,595.6021598899998,-4.570409310000969
Region 9,2026-09-25 22:00:00+02:00,2026-09-25 00:00:00+02:00,2026-09-24 22:00:00+02:00,548.1207742500003,537.9457497800001,-10.175024470000153
Region 9,2026-09-25 23:00:00+02:00,2026-09-25 00:00:00+02:00,2026-09-24 23:00:00+02:00,499.0124768300004,497.26726326999983,-1.7452135600005931
Region 9,2026-09-26 00:00:00+02:00,2026-09-26 00:00:00+02:00,2026-09-25 00:00:00+02:00,392.28777518000027,473.48019488999944,81.19241970999917
Region 9,2026-09-26 01:00:00+02:00,2026-09-26 00:00:00+02:00,2026-09-25 01:00:00+02:00,388.61057961999984,478.75227122000007,90.14169160000023
Region 9,2026-09-26 02:00:00+02:00,2026-09-26 00:00:00+02:00,2026-09-25 02:00:00+02:00,388.0666252899996,483.9109869800001,95.84436169000048
Region 9,2026-09-26 03:00:00+02:00,2026-09-26 00:00:00+02:00,2026-09-25 03:00:00+02:00,398.3404385600005,487.38671947000046,89.04628090999995
Region 9,2026-09-26 04:00:00+02:00,2026-09-26 00:00:00+02:00,2026-09-25 04:00:00+02:00,416.3081223599998,511.38915127000064,95.08102891000084
Region 9,2026-09-26 05:00:00+02:00,2026-09-26 00:00:00+02:00,2026-09-25 05:00:00+02:00,460.55819141999984,561.2398919099992,100.68170048999934
Region 9,2026-09-26 06:00:00+02:00,2026-09-26 00:00:00+02:00,2026-09-25 06:00:00+02:00,520.2271301399996,628.0594236799991,107.83229353999945
Region 9,2026-09-26 07:00:00+02:00,2026-09-26 00:00:00+02:00,2026-09-25 07:00:00+02:00,562.6678525200001,693.3291699500011,130.66131743000096
Region 9,2026-09-26 08:00:00+02:00,2026-09-26 00:00:00+02:00,2026-09-25 08:00:00+02:00,572.9293058600002,716.4691329600014,143.53982710000116
Region 9,2026-09-26 09:00:00+02:00,2026-09-26 00:00:00+02:00,2026-09-25 09:00:00+02:00,540.4912807600007,715.6121205500011,175.12083979000045
Region 9,2026-09-26 10:00:00+02:00,2026-09-26 00:00:00+02:00,2026-09-25 10:00:00+02:00,536.5232998699988,731.3548320499999,194.8315321800011
Region 9,2026-09-26 11:00:00+02:00,2026-09-26 00:00:00+02:00,2026-09-25 11:00:00+02:00,548.724354949999,766.2000938800003,217.47573893000128
Region 9,2026-09-26 12:00:00+02:00,2026-09-26 00:00:00+02:00,2026-09-25 12:00:00+02:00,565.9285016400005,787.0644566699995,221.13595502999897
Region 9,2026-09-26 13:00:00+02:00,2026-09-26 00:00:00+02:00,2026-09-25 13:00:00+02:00,570.6242295000002,799.5569401099995,228.93271060999928
Region 9,2026-09-26 14:00:00+02:00,2026-09-26 00:00:00+02:00,2026-09-25 14:00:00+02:00,565.7056694500003,776.7206625100001,211.01499305999982
Region 9,2026-09-26 15:00:00+02:00,2026-09-26 00:00:00+02:00,2026-09-25 15:00:00+02:00,562.0216209300007,754.9173601299999,192.89573919999918
Region 9,2026-09-26 16:00:00+02:00,2026-09-26 00:00:00+02:00,2026-09-25 16:00:00+02:00,578.0731219099995,750.3948831500012,172.3217612400017
Region 9,2026-09-26 17:00:00+02:00,2026-09-26 00:00:00+02:00,2026-09-25 17:00:00+02:00,603.9523046700002,751.4078346099999,147.45552993999968
Region 9,2026-09-26 18:00:00+02:00,2026-09-26 00:00:00+02:00,2026-09-25 18:00:00+02:00,634.60309425,754.3959123600008,119.79281811000078
Region 9,2026-09-26 19:00:00+02:00,2026-09-26 00:00:00+02:00,2026-09-25 19:00:00+02:00,623.85042464,731.2642807800005,107.41385614000046
Region 9,2026-09-26 20:00:00+02:00,2026-09-26 00:00:00+02:00,2026-09-25 20:00:00+02:00,568.3197411499996,669.1105785899994,100.79083743999979
Region 9,2026-09-26 21:00:00+02:00,2026-09-26 00:00:00+02:00,2026-09-25 21:00:00+02:00,498.3573245099991,600.1725692000008,101.81524469000169
Region 9,2026-09-26 22:00:00+02:00,2026-09-26 00:00:00+02:00,2026-09-25 22:00:00+02:00,442.12759868000023,548.1207742500003,105.99317557000006
Region 9,2026-09-26 23:00:00+02:00,2026-09-26 00:00:00+02:00,2026-09-25 23:00:00+02:00,409.24901568000035,499.0124768300004,89.76346115000007
Region 9,2026-09-27 00:00:00+02:00,2026-09-27 00:00:00+02:00,2026-09-26 00:00:00+02:00,392.07708516000014,392.28777518000027,0.21069002000012915
Region 9,2026-09-27 01:00:00+02:00,2026-09-27 00:00:00+02:00,2026-09-26 01:00:00+02:00,387.64048495000014,388.61057961999984,0.9700946699996962
Region 9,2026-09-27 02:00:00+02:00,2026-09-27 00:00:00+02:00,2026-09-26 02:00:00+02:00,394.68978640000023,388.0666252899996,-6.623161110000638
Region 9,2026-09-27 03:00:00+02:00,2026-09-27 00:00:00+02:00,2026-09-26 03:00:00+02:00,387.3189403100009,398.3404385600005,11.021498249999581
Region 9,2026-09-27 04:00:00+02:00,2026-09-27 00:00:00+02:00,2026-09-26 04:00:00+02:00,421.4684928800001,416.3081223599998,-5.160370520000299
Region 9,2026-09-27 05:00:00+02:00,2026-09-27 00:00:00+02:00,2026-09-26 05:00:00+02:00,458.07651123000056,460.55819141999984,2.481680189999281
Region 9,2026-09-27 06:00:00+02:00,2026-09-27 00:00:00+02:00,2026-09-26 06:00:00+02:00,523.7999662900011,520.2271301399996,-3.5728361500014216
Region 9,2026-09-27 07:00:00+02:00,2026-09-27 00:00:00+02:00,2026-09-26 07:00:00+02:00,568.8656646399985,562.6678525200001,-6.197812119998389
Region 9,2026-09-27 08:00:00+02:00,2026-09-27 00:00:00+02:00,2026-09-26 08:00:00+02:00,576.8078973299987,572.9293058600002,-3.8785914699984687
Region 9,2026-09-27 09:00:00+02:00,2026-09-27 00:00:00+02:00,2026-09-26 09:00:00+02:00,549.9811713899996,540.4912807600007,-9.489890629998968
Region 9,2026-09-27 10:00:00+02:00,2026-09-27 00:00:00+02:00,2026-09-26 10:00:00+02:00,538.8123305299998,536.5232998699988,-2.2890306600010035
Region 9,2026-09-27 11:00:00+02:00,2026-09-27 00:00:00+02:00,2026-09-26 11:00:00+02:00,551.7024921899994,548.724354949999,-2.9781372400003647
Region 9,2026-09-27 12:00:00+02:00,2026-09-27 00:00:00+02:00,2026-09-26 12:00:00+02:00,562.3513308499985,565.9285016400005,3.5771707900020147
Region 9,2026-09-27 13:00:00+02:00,2026-09-27 00:00:00+02:00,2026-09-26 13:00:00+02:00,567.24650928,570.6242295000002,3.3777202200001284
Region 9,2026-09-27 14:00:00+02:00,2026-09-27 00:00:00+02:00,2026-09-26 14:00:00+02:00,554.3280400700006,565.7056694500003,11.37762937999969
Region 9,2026-09-27 15:00:00+02:00,2026-09-27 00:00:00+02:00,2026-09-26 15:00:00+02:00,568.13385636,562.0216209300007,-6.112235429999259
Region 9,2026-09-27 16:00:00+02:00,2026-09-27 00:00:00+02:00,2026-09-26 16:00:00+02:00,574.2130260799995,578.0731219099995,3.8600958299999775
Region 9,2026-09-27 17:00:00+02:00,2026-09-27 00:00:00+02:00,2026-09-26 17:00:00+02:00,611.0111271899995,603.9523046700002,-7.058822519999239
Region 9,2026-09-27 18:00:00+02:00,2026-09-27 00:00:00+02:00,2026-09-26 18:00:00+02:00,632.9650781799999,634.60309425,1.6380160700001625
Region 9,2026-09-27 19:00:00+02:00,2026-09-27 00:00:00+02:00,2026-09-26 19:00:00+02:00,626.8398820600003,623.85042464,-2.9894574200002353
Region 9,2026-09-27 20:00:00+02:00,2026-09-27 00:00:00+02:00,2026-09-26 20:00:00+02:00,571.1807308100007,568.3197411499996,-2.8609896600011098
Region 9,2026-09-27 21:00:00+02:00,2026-09-27 00:00:00+02:00,2026-09-26 21:00:00+02:00,499.7220392299995,498.3573245099991,-1.3647147200003928
Region 9,2026-09-27 22:00:00+02:00,2026-09-27 00:00:00+02:00,2026-09-26 22:00:00+02:00,445.5507854499997,442.12759868000023,-3.423186769999461
Region 9,2026-09-27 23:00:00+02:00,2026-09-27 00:00:00+02:00,2026-09-26 23:00:00+02:00,413.06668585000006,409.24901568000035,-3.817670169999701
Region 9,2026-09-28 00:00:00+02:00,2026-09-28 00:00:00+02:00,2026-09-27 00:00:00+02:00,485.47465109999985,392.07708516000014,-93.39756593999971
Region 9,2026-09-28 01:00:00+02:00,2026-09-28 00:00:00+02:00,2026-09-27 01:00:00+02:00,488.22990069000036,387.64048495000014,-100.58941574000022
Region 9,2026-09-28 02:00:00+02:00,2026-09-28 00:00:00+02:00,2026-09-27 02:00:00+02:00,494.0658783599999,394.68978640000023,-99.37609195999966
Region 9,2026-09-28 03:00:00+02:00,2026-09-28 00:00:00+02:00,2026-09-27 03:00:00+02:00,492.27960044999935,387.3189403100009,-104.96066013999842
Region 9,2026-09-28 04:00:00+02:00,2026-09-28 00:00:00+02:00,2026-09-27 04:00:00+02:00,520.5773625700002,421.4684928800001,-99.10886969000012
Region 9,2026-09-28 05:00:00+02:00,2026-09-28 00:00:00+02:00,2026-09-27 05:00:00+02:00,561.7241105999997,458.07651123000056,-103.64759936999911
Region 9,2026-09-28 06:00:00+02:00,2026-09-28 00:00:00+02:00,2026-09-27 06:00:00+02:00,634.8649765200008,523.7999662900011,-111.06501022999976
Region 9,2026-09-28 07:00:00+02:00,2026-09-28 00:00:00+02:00,2026-09-27 07:00:00+02:00,689.9893466300008,568.8656646399985,-121.1236819900023
Region 9,2026-09-28 08:00:00+02:00,2026-09-28 00:00:00+02:00,2026-09-27 08:00:00+02:00,717.2130349500015,576.8078973299987,-140.40513762000285
Region 9,2026-09-28 09:00:00+02:00,2026-09-28 00:00:00+02:00,2026-09-27 09:00:00+02:00,719.5282558199997,549.9811713899996,-169.54708443000004
Region 9,2026-09-28 10:00:00+02:00,2026-09-28 00:00:00+02:00,2026-09-27 10:00:00+02:00,734.0964130200002,538.8123305299998,-195.2840824900004
Region 9,2026-09-28 11:00:00+02:00,2026-09-28 00:00:00+02:00,2026-09-27 11:00:00+02:00,770.9421047300007,551.7024921899994,-219.2396125400013
Region 9,2026-09-28 12:00:00+02:00,2026-09-28 00:00:00+02:00,2026-09-27 12:00:00+02:00,802.7350991699993,562.3513308499985,-240.38376832000085
Region 9,2026-09-28 13:00:00+02:00,2026-09-28 00:00:00+02:00,2026-09-27 13:00:00+02:00,801.1204221799989,567.24650928,-233.8739128999988
Region 9,2026-09-28 14:00:00+02:00,2026-09-28 00:00:00+02:00,2026-09-27 14:00:00+02:00,793.9359663400003,554.3280400700006,-239.60792626999967
Region 9,2026-09-28 15:00:00+02:00,2026-09-28 00:00:00+02:00,2026-09-27 15:00:00+02:00,766.6264145900001,568.13385636,-198.4925582300001
Region 9,2026-09-28 16:00:00+02:00,2026-09-28 00:00:00+02:00,2026-09-27 16:00:00+02:00,757.7706751000002,574.2130260799995,-183.55764902000067
Region 9,2026-09-28 17:00:00+02:00,2026-09-28 00:00:00+02:00,2026-09-27 17:00:00+02:00,767.4048803300009,611.0111271899995,-156.39375314000142
Region 9,2026-09-28 18:00:00+02:00,2026-09-28 00:00:00+02:00,2026-09-27 18:00:00+02:00,765.1310157800011,632.9650781799999,-132.16593760000126
Region 9,2026-09-28 19:00:00+02:00,2026-09-28 00:00:00+02:00,2026-09-27 19:00:00+02:00,736.0957374899986,626.8398820600003,-109.25585542999829
Region 9,2026-09-28 20:00:00+02:00,2026-09-28 00:00:00+02:00,2026-09-27 20:00:00+02:00,678.66718736,571.1807308100007,-107.48645654999928
Region 9,2026-09-28 21:00:00+02:00,2026-09-28 00:00:00+02:00,2026-09-27 21:00:00+02:00,606.83528662,499.7220392299995,-107.11324739000054
Region 9,2026-09-28 22:00:00+02:00,2026-09-28 00:00:00+02:00,2026-09-27 22:00:00+02:00,536.488472570001,445.5507854499997,-90.93768712000133
Region 9,2026-09-28 23:00:00+02:00,2026-09-28 00:00:00+02:00,2026-09-27 23:00:00+02:00,507.8816727899996,413.06668585000006,-94.81498693999953
Region 10,2026-09-22 00:00:00+02:00,2026-09-22 00:00:00+02:00,2026-09-21 00:00:00+02:00,387.1053624100005,396.08200364999993,8.976641239999424
Region 10,2026-09-22 01:00:00+02:00,2026-09-22 00:00:00+02:00,2026-09-21 01:00:00+02:00,396.7096956100009,390.1204669699998,-6.589228640001068
Region 10,2026-09-22 02:00:00+02:00,2026-09-22 00:00:00+02:00,2026-09-21 02:00:00+02:00,394.0444761600002,390.70529985999957,-3.339176300000645
Region 10,2026-09-22 03:00:00+02:00,2026-09-22 00:00:00+02:00,2026-09-21 03:00:00+02:00,403.59460024000043,400.8110474500002,-2.783552790000215
Region 10,2026-09-22 04:00:00+02:00,2026-09-22 00:00:00+02:00,2026-09-21 04:00:00+02:00,418.6224579000006,420.3243221400007,1.7018642400000772
Region 10,2026-09-22 05:00:00+02:00,2026-09-22 00:00:00+02:00,2026-09-21 05:00:00+02:00,464.796270820001,469.5849582999995,4.7886874799985435
Region 10,2026-09-22 06:00:00+02:00,2026-09-22 00:00:00+02:00,2026-09-21 06:00:00+02:00,538.8749443900009,543.3853336999999,4.510389309999027
Region 10,2026-09-22 07:00:00+02:00,2026-09-22 00:00:00+02:00,2026-09-21 07:00:00+02:00,606.2557905600008,602.5891261200007,-3.6666644400000905
Region 10,2026-09-22 08:00:00+02:00,2026-09-22 00:00:00+02:00,2026-09-21 08:00:00+02:00,627.2742990899993,628.422571640001,1.1482725500017068
Region 10,2026-09-22 09:00:00+02:00,2026-09-22 00:00:00+02:00,2026-09-21 09:00:00+02:00,627.4640447499997,635.1853557699995,7.721311019999803
Region 10,2026-09-22 10:00:00+02:00,2026-09-22 00:00:00+02:00,2026-09-21 10:00:00+02:00,653.1839922600002,649.554866730001,-3.6291255299992145
Region 10,2026-09-22 11:00:00+02:00,2026-09-22 00:00:00+02:00,2026-09-21 11:00:00+02:00,692.1113587999978,684.2215667300005,-7.88979206999727
Region 10,2026-09-22 12:00:00+02:00,2026-09-22 00:00:00+02:00,2026-09-21 12:00:00+02:00,721.06131119,724.5440329800002,3.482721790000255
Region 10,2026-09-22 13:00:00+02:00,2026-09-22 00:00:00+02:00,2026-09-21 13:00:00+02:00,723.0259935300002,722.2131571800004,-0.8128363499997704
Region 10,2026-09-22 14:00:00+02:00,2026-09-22 00:00:00+02:00,2026-09-21 14:00:00+02:00,714.5077963400005,702.3584548900011,-12.149341449999383
Region 10,2026-09-22 15:00:00+02:00,2026-09-22 00:00:00+02:00,2026-09-21 15:00:00+02:00,671.120485080001,677.6874163499998,6.566931269998804
Region 10,2026-09-22 16:00:00+02:00,2026-09-22 00:00:00+02:00,2026-09-21 16:00:00+02:00,654.9444935500009,657.4838531000005,2.539359549999631
Region 10,2026-09-22 17:00:00+02:00,2026-09-22 00:00:00+02:00,2026-09-21 17:00:00+02:00,670.596608009999,666.3111635799999,-4.285444429999188
Region 10,2026-09-22 18:00:00+02:00,2026-09-22 00:00:00+02:00,2026-09-21 18:00:00+02:00,672.9825817900005,673.7871594400004,0.804577649999942
Region 10,2026-09-22 19:00:00+02:00,2026-09-22 00:00:00+02:00,2026-09-21 19:00:00+02:00,650.9065166899987,652.0623687900007,1.1558521000019937
Region 10,2026-09-22 20:00:00+02:00,2026-09-22 00:00:00+02:00,2026-09-21 20:00:00+02:00,588.0211859800003,584.70287652,-3.3183094600002505
Region 10,2026-09-22 21:00:00+02:00,2026-09-22 00:00:00+02:00,2026-09-21 21:00:00+02:00,508.48719139999935,511.8326772099998,3.3454858100004685
Region 10,2026-09-22 22:00:00+02:00,2026-09-22 00:00:00+02:00,2026-09-21 22:00:00+02:00,451.01542958000016,448.19153856999935,-2.823891010000807
Region 10,2026-09-22 23:00:00+02:00,2026-09-22 00:00:00+02:00,2026-09-21 23:00:00+02:00,412.2943083899996,412.0802952100006,-0.21401317999902858
Region 10,2026-09-23 00:00:00+02:00,2026-09-23 00:00:00+02:00,2026-09-22 00:00:00+02:00,386.69934030000036,387.1053624100005,0.4060221100001513
Region 10,2026-09-23 01:00:00+02:00,2026-09-23 00:00:00+02:00,2026-09-22 01:00:00+02:00,393.05112118999983,396.7096956100009,3.6585744200010595
Region 10,2026-09-23 02:00:00+02:00,2026-09-23 00:00:00+02:00,2026-09-22 02:00:00+02:00,396.18893093999975,394.0444761600002,-2.144454779999535
Region 10,2026-09-23 03:00:00+02:00,2026-09-23 00:00:00+02:00,2026-09-22 03:00:00+02:00,402.54212824999945,403.59460024000043,1.0524719900009814
Region 10,2026-09-23 04:00:00+02:00,2026-09-23 00:00:00+02:00,2026-09-22 04:00:00+02:00,424.1768057799998,418.6224579000006,-5.554347879999227
Region 10,2026-09-23 05:00:00+02:00,2026-09-23 00:00:00+02:00,2026-09-22 05:00:00+02:00,471.2060929500002,464.796270820001,-6.409822129999213
Region 10,2026-09-23 06:00:00+02:00,2026-09-23 00:00:00+02:00,2026-09-22 06:00:00+02:00,546.8562571299998,538.8749443900009,-7.981312739998884
Region 10,2026-09-23 07:00:00+02:00,2026-09-23 00:00:00+02:00,2026-09-22 07:00:00+02:00,599.4808027399991,606.2557905600008,6.774987820001684
Region 10,2026-09-23 08:00:00+02:00,2026-09-23 00:00:00+02:00,2026-09-22 08:00:00+02:00,633.71309483,627.2742990899993,-6.438795740000728
Region 10,2026-09-23 09:00:00+02:00,2026-09-23 00:00:00+02:00,2026-09-22 09:00:00+02:00,640.1730628899996,627.4640447499997,-12.709018139999898
Region 10,2026-09-23 10:00:00+02:00,2026-09-23 00:00:00+02:00,2026-09-22 10:00:00+02:00,650.1765193099994,653.1839922600002,3.0074729500007606
Region 10,2026-09-23 11:00:00+02:00,2026-09-23 00:00:00+02:00,2026-09-22 11:00:00+02:00,694.7841002499993,692.1113587999978,-2.6727414500014675
Region 10,2026-09-23 12:00:00+02:00,2026-09-23 00:00:00+02:00,2026-09-22 12:00:00+02:00,724.4233815700002,721.06131119,-3.3620703800002048
Region 10,2026-09-23 13:00:00+02:00,2026-09-23 00:00:00+02:00,2026-09-22 13:00:00+02:00,727.7502840300001,723.0259935300002,-4.724290499999938
Region 10,2026-09-23 14:00:00+02:00,2026-09-23 00:00:00+02:00,2026-09-22 14:00:00+02:00,704.1464718499998,714.5077963400005,10.361324490000698
Region 10,2026-09-23 15:00:00+02:00,2026-09-23 00:00:00+02:00,2026-09-22 15:00:00+02:00,685.0839827999996,671.120485080001,-13.9634977199986
Region 10,2026-09-23 16:00:00+02:00,2026-09-23 00:00:00+02:00,2026-09-22 16:00:00+02:00,666.6549496499989,654.9444935500009,-11.710456099998055
Region 10,2026-09-23 17:00:00+02:00,2026-09-23 00:00:00+02:00,2026-09-22 17:00:00+02:00,673.5539606200007,670.596608009999,-2.957352610001635
Region 10,2026-09-23 18:00:00+02:00,2026-09-23 00:00:00+02:00,2026-09-22 18:00:00+02:00,677.8029421599998,672.9825817900005,-4.820360369999321
Region 10,2026-09-23 19:00:00+02:00,2026-09-23 00:00:00+02:00,2026-09-22 19:00:00+02:00,647.7114440400006,650.9065166899987,3.19507264999811
Region 10,2026-09-23 20:00:00+02:00,2026-09-23 00:00:00+02:00,2026-09-22 20:00:00+02:00,594.493284690001,588.0211859800003,-6.4720987100007505
Region 10,2026-09-23 21:00:00+02:00,2026-09-23 00:00:00+02:00,2026-09-22 21:00:00+02:00,516.7116551099987,508.48719139999935,-8.224463709999327
Region 10,2026-09-23 22:00:00+02:00,2026-09-23 00:00:00+02:00,2026-09-22 22:00:00+02:00,439.0836831600005,451.01542958000016,11.931746419999683
Region 10,2026-09-23 23:00:00+02:00,2026-09-23 00:00:00+02:00,2026-09-22 23:00:00+02:00,419.26312111000044,412.2943083899996,-6.9688127200008125
Region 10,2026-09-24 00:00:00+02:00,2026-09-24 00:00:00+02:00,2026-09-23 00:00:00+02:00,396.8075581400004,386.69934030000036,-10.108217840000066
Region 10,2026-09-24 01:00:00+02:00,2026-09-24 00:00:00+02:00,2026-09-23 01:00:00+02:00,396.7975762100005,393.05112118999983,-3.746455020000667
Region 10,2026-09-24 02:00:00+02:00,2026-09-24 00:00:00+02:00,2026-09-23 02:00:00+02:00,385.1476009199999,396.18893093999975,11.041330019999862
Region 10,2026-09-24 03:00:00+02:00,2026-09-24 00:00:00+02:00,2026-09-23 03:00:00+02:00,402.9773637900005,402.54212824999945,-0.43523554000103104
Region 10,2026-09-24 04:00:00+02:00,2026-09-24 00:00:00+02:00,2026-09-23 04:00:00+02:00,426.0644214499999,424.1768057799998,-1.8876156700000593
Region 10,2026-09-24 05:00:00+02:00,2026-09-24 00:00:00+02:00,2026-09-23 05:00:00+02:00,469.11109293999976,471.2060929500002,2.095000010000433
Region 10,2026-09-24 06:00:00+02:00,2026-09-24 00:00:00+02:00,2026-09-23 06:00:00+02:00,544.8738269599994,546.8562571299998,1.9824301700003844
Region 10,2026-09-24 07:00:00+02:00,2026-09-24 00:00:00+02:00,2026-09-23 07:00:00+02:00,610.4681516900014,599.4808027399991,-10.987348950002229
Region 10,2026-09-24 08:00:00+02:00,2026-09-24 00:00:00+02:00,2026-09-23 08:00:00+02:00,635.2092701500006,633.71309483,-1.4961753200005887
Region 10,2026-09-24 09:00:00+02:00,2026-09-24 00:00:00+02:00,2026-09-23 09:00:00+02:00,639.3651474999991,640.1730628899996,0.8079153900005167
Region 10,2026-09-24 10:00:00+02:00,2026-09-24 00:00:00+02:00,2026-09-23 10:00:00+02:00,654.8370803699988,650.1765193099994,-4.660561059999395
Region 10,2026-09-24 11:00:00+02:00,2026-09-24 00:00:00+02:00,2026-09-23 11:00:00+02:00,695.4618439200002,694.7841002499993,-0.6777436700009503
Region 10,2026-09-24 12:00:00+02:00,2026-09-24 00:00:00+02:00,2026-09-23 12:00:00+02:00,721.8488841999994,724.4233815700002,2.574497370000813
Region 10,2026-09-24 13:00:00+02:00,2026-09-24 00:00:00+02:00,2026-09-23 13:00:00+02:00,728.3002439800008,727.7502840300001,-0.549959950000698
Region 10,2026-09-24 14:00:00+02:00,2026-09-24 00:00:00+02:00,2026-09-23 14:00:00+02:00,712.2575245799995,704.1464718499998,-8.111052729999756
Region 10,2026-09-24 15:00:00+02:00,2026-09-24 00:00:00+02:00,2026-09-23 15:00:00+02:00,686.7499309699997,685.0839827999996,-1.6659481700000924
Region 10,2026-09-24 16:00:00+02:00,2026-09-24 00:00:00+02:00,2026-09-23 16:00:00+02:00,668.5666364099997,666.6549496499989,-1.911686760000748
Region 10,2026-09-24 17:00:00+02:00,2026-09-24 00:00:00+02:00,2026-09-23 17:00:00+02:00,678.7082109099999,673.5539606200007,-5.154250289999254
Region 10,2026-09-24 18:00:00+02:00,2026-09-24 00:00:00+02:00,2026-09-23 18:00:00+02:00,679.8561780300004,677.8029421599998,-2.053235870000549
Region 10,2026-09-24 19:00:00+02:00,2026-09-24 00:00:00+02:00,2026-09-23 19:00:00+02:00,653.7020527200001,647.7114440400006,-5.990608679999468
Region 10,2026-09-24 20:00:00+02:00,2026-09-24 00:00:00+02:00,2026-09-23 20:00:00+02:00,580.7545825700003,594.493284690001,13.738702120000767
Region 10,2026-09-24 21:00:00+02:00,2026-09-24 00:00:00+02:00,2026-09-23 21:00:00+02:00,506.52893815000056,516.7116551099987,10.182716959998118
Region 10,2026-09-24 22:00:00+02:00,2026-09-24 00:00:00+02:00,2026-09-23 22:00:00+02:00,455.52698528999974,439.0836831600005,-16.443302129999267
Region 10,2026-09-24 23:00:00+02:00,2026-09-24 00:00:00+02:00,2026-09-23 23:00:00+02:00,414.0125822899995,419.26312111000044,5.250538820000941
Region 10,2026-09-25 00:00:00+02:00,2026-09-25 00:00:00+02:00,2026-09-24 00:00:00+02:00,390.2193835700002,396.8075581400004,6.588174570000206
Region 10,2026-09-25 01:00:00+02:00,2026-09-25 00:00:00+02:00,2026-09-24 01:00:00+02:00,390.2680694800007,396.7975762100005,6.5295067299998095
Region 10,2026-09-25 02:00:00+02:00,2026-09-25 00:00:00+02:00,2026-09-24 02:00:00+02:00,390.7355653900002,385.1476009199999,-5.5879644700003155
Region 10,2026-09-25 03:00:00+02:00,2026-09-25 00:00:00+02:00,2026-09-24 03:00:00+02:00,397.0206615000002,402.9773637900005,5.956702290000294
Region 10,2026-09-25 04:00:00+02:00,2026-09-25 00:00:00+02:00,2026-09-24 04:00:00+02:00,423.79100886000055,426.0644214499999,2.2734125899993387
Region 10,2026-09-25 05:00:00+02:00,2026-09-25 00:00:00+02:00,2026-09-24 05:00:00+02:00,475.1037846699994,469.11109293999976,-5.992691729999649
Region 10,2026-09-25 06:00:00+02:00,2026-09-25 00:00:00+02:00,2026-09-24 06:00:00+02:00,542.4233429500001,544.8738269599994,2.450484009999286
Region 10,2026-09-25 07:00:00+02:00,2026-09-25 00:00:00+02:00,2026-09-24 07:00:00+02:00,609.6533373700007,610.4681516900014,0.8148143200006643
Region 10,2026-09-25 08:00:00+02:00,2026-09-25 00:00:00+02:00,2026-09-24 08:00:00+02:00,636.3119289899995,635.2092701500006,-1.1026588399988668
Region 10,2026-09-25 09:00:00+02:00,2026-09-25 00:00:00+02:00,2026-09-24 09:00:00+02:00,634.5542979900002,639.3651474999991,4.810849509998889
Region 10,2026-09-25 10:00:00+02:00,2026-09-25 00:00:00+02:00,2026-09-24 10:00:00+02:00,655.2542507500001,654.8370803699988,-0.4171703800012665
Region 10,2026-09-25 11:00:00+02:00,2026-09-25 00:00:00+02:00,2026-09-24 11:00:00+02:00,695.4328897500008,695.4618439200002,0.02895416999945155
Region 10,2026-09-25 12:00:00+02:00,2026-09-25 00:00:00+02:00,2026-09-24 12:00:00+02:00,728.5854959999983,721.8488841999994,-6.736611799998968
Region 10,2026-09-25 13:00:00+02:00,2026-09-25 00:00:00+02:00,2026-09-24 13:00:00+02:00,729.9669847100002,728.3002439800008,-1.6667407299994466
Region 10,2026-09-25 14:00:00+02:00,2026-09-25 00:00:00+02:00,2026-09-24 14:00:00+02:00,711.8186811399994,712.2575245799995,0.4388434400001415
Region 10,2026-09-25 15:00:00+02:00,2026-09-25 00:00:00+02:00,2026-09-24 15:00:00+02:00,691.4719312599989,686.7499309699997,-4.722000289999187
Region 10,2026-09-25 16:00:00+02:00,2026-09-25 00:00:00+02:00,2026-09-24 16:00:00+02:00,670.7150252600006,668.5666364099997,-2.14838885000097
Region 10,2026-09-25 17:00:00+02:00,2026-09-25 00:00:00+02:00,2026-09-24 17:00:00+02:00,680.8008384200004,678.7082109099999,-2.0926275100005114
Region 10,2026-09-25 18:00:00+02:00,2026-09-25 00:00:00+02:00,2026-09-24 18:00:00+02:00,675.3407784799986,679.8561780300004,4.515399550001803
Region 10,2026-09-25 19:00:00+02:00,2026-09-25 00:00:00+02:00,2026-09-24 19:00:00+02:00,656.7738136700001,653.7020527200001,-3.071760949999998
Region 10,2026-09-25 20:00:00+02:00,2026-09-25 00:00:00+02:00,2026-09-24 20:00:00+02:00,593.9143738200005,580.7545825700003,-13.15979125000024
Region 10,2026-09-25 21:00:00+02:00,2026-09-25 00:00:00+02:00,2026-09-24 21:00:00+02:00,519.3456669999999,506.52893815000056,-12.816728849999379
Region 10,2026-09-25 22:00:00+02:00,2026-09-25 00:00:00+02:00,2026-09-24 22:00:00+02:00,452.5600311600003,455.52698528999974,2.966954129999465
Region 10,2026-09-25 23:00:00+02:00,2026-09-25 00:00:00+02:00,2026-09-24 23:00:00+02:00,417.86304966999995,414.0125822899995,-3.8504673800004525
Region 10,2026-09-26 00:00:00+02:00,2026-09-26 00:00:00+02:00,2026-09-25 00:00:00+02:00,321.1034927200002,390.2193835700002,69.11589085000003
Region 10,2026-09-26 01:00:00+02:00,2026-09-26 00:00:00+02:00,2026-09-25 01:00:00+02:00,312.45690492999967,390.2680694800007,77.81116455000102
Region 10,2026-09-26 02:00:00+02:00,2026-09-26 00:00:00+02:00,2026-09-25 02:00:00+02:00,321.3028100399998,390.7355653900002,69.43275535000038
Region 10,2026-09-26 03:00:00+02:00,2026-09-26 00:00:00+02:00,2026-09-25 03:00:00+02:00,327.79304891000066,397.0206615000002,69.22761258999952
Region 10,2026-09-26 04:00:00+02:00,2026-09-26 00:00:00+02:00,2026-09-25 04:00:00+02:00,342.97065995000014,423.79100886000055,80.8203489100004
Region 10,2026-09-26 05:00:00+02:00,2026-09-26 00:00:00+02:00,2026-09-25 05:00:00+02:00,392.94783247000055,475.1037846699994,82.15595219999886
Region 10,2026-09-26 06:00:00+02:00,2026-09-26 00:00:00+02:00,2026-09-25 06:00:00+02:00,455.3456744299993,542.4233429500001,87.07766852000083
Region 10,2026-09-26 07:00:00+02:00,2026-09-26 00:00:00+02:00,2026-09-25 07:00:00+02:00,505.5569251299992,609.6533373700007,104.09641224000154
Region 10,2026-09-26 08:00:00+02:00,2026-09-26 00:00:00+02:00,2026-09-25 08:00:00+02:00,506.46299059999905,636.3119289899995,129.84893839000046
Region 10,2026-09-26 09:00:00+02:00,2026-09-26 00:00:00+02:00,2026-09-25 09:00:00+02:00,488.7567474699997,634.5542979900002,145.79755052000053
Region 10,2026-09-26 10:00:00+02:00,2026-09-26 00:00:00+02:00,2026-09-25 10:00:00+02:00,469.7574319700002,655.2542507500001,185.4968187799999
Region 10,2026-09-26 11:00:00+02:00,2026-09-26 00:00:00+02:00,2026-09-25 11:00:00+02:00,485.84634180999944,695.4328897500008,209.5865479400013
Region 10,2026-09-26 12:00:00+02:00,2026-09-26 00:00:00+02:00,2026-09-25 12:00:00+02:00,493.5942046599999,728.5854959999983,234.99129133999844
Region 10,2026-09-26 13:00:00+02:00,2026-09-26 00:00:00+02:00,2026-09-25 13:00:00+02:00,502.1682296199988,729.9669847100002,227.79875509000146
Region 10,2026-09-26 14:00:00+02:00,2026-09-26 00:00:00+02:00,2026-09-25 14:00:00+02:00,501.5502304999998,711.8186811399994,210.26845063999957
Region 10,2026-09-26 15:00:00+02:00,2026-09-26 00:00:00+02:00,2026-09-25 15:00:00+02:00,500.34818123999884,691.4719312599989,191.12375002000005
Region 10,2026-09-26 16:00:00+02:00,2026-09-26 00:00:00+02:00,2026-09-25 16:00:00+02:00,513.6548719900011,670.7150252600006,157.06015326999955
Region 10,2026-09-26 17:00:00+02:00,2026-09-26 00:00:00+02:00,2026-09-25 17:00:00+02:00,549.9018126600012,680.8008384200004,130.8990257599993
Region 10,2026-09-26 18:00:00+02:00,2026-09-26 00:00:00+02:00,2026-09-25 18:00:00+02:00,573.2604068200002,675.3407784799986,102.08037165999838
Region 10,2026-09-26 19:00:00+02:00,2026-09-26 00:00:00+02:00,2026-09-25 19:00:00+02:00,565.1256460499999,656.7738136700001,91.64816762000021
Region 10,2026-09-26 20:00:00+02:00,2026-09-26 00:00:00+02:00,2026-09-25 20:00:00+02:00,506.1468292000008,593.9143738200005,87.76754461999968
Region 10,2026-09-26 21:00:00+02:00,2026-09-26 00:00:00+02:00,2026-09-25 21:00:00+02:00,439.18335059999987,519.3456669999999,80.16231640000007
Region 10,2026-09-26 22:00:00+02:00,2026-09-26 00:00:00+02:00,2026-09-25 22:00:00+02:00,369.1683561500001,452.5600311600003,83.3916750100002
Region 10,2026-09-26 23:00:00+02:00,2026-09-26 00:00:00+02:00,2026-09-25 23:00:00+02:00,331.9742094799997,417.86304966999995,85.88884019000028
Region 10,2026-09-27 00:00:00+02:00,2026-09-27 00:00:00+02:00,2026-09-26 00:00:00+02:00,324.43847343000004,321.1034927200002,-3.3349807099998543
Region 10,2026-09-27 01:00:00+02:00,2026-09-27 00:00:00+02:00,2026-09-26 01:00:00+02:00,321.5189667999999,312.45690492999967,-9.062061870000207
Region 10,2026-09-27 02:00:00+02:00,2026-09-27 00:00:00+02:00,2026-09-26 02:00:00+02:00,317.16994655000013,321.3028100399998,4.132863489999693
Region 10,2026-09-27 03:00:00+02:00,2026-09-27 00:00:00+02:00,2026-09-26 03:00:00+02:00,326.25648448999954,327.79304891000066,1.5365644200011275
Region 10,2026-09-27 04:00:00+02:00,2026-09-27 00:00:00+02:00,2026-09-26 04:00:00+02:00,343.6699577299997,342.97065995000014,-0.6992977799995401
Region 10,2026-09-27 05:00:00+02:00,2026-09-27 00:00:00+02:00,2026-09-26 05:00:00+02:00,391.91172099999926,392.94783247000055,1.0361114700012877
Region 10,2026-09-27 06:00:00+02:00,2026-09-27 00:00:00+02:00,2026-09-26 06:00:00+02:00,458.19140221999976,455.3456744299993,-2.845727790000467
Region 10,2026-09-27 07:00:00+02:00,2026-09-27 00:00:00+02:00,2026-09-26 07:00:00+02:00,496.59653193000037,505.5569251299992,8.960393199998805
Region 10,2026-09-27 08:00:00+02:00,2026-09-27 00:00:00+02:00,2026-09-26 08:00:00+02:00,510.07993294999983,506.46299059999905,-3.616942350000784
Region 10,2026-09-27 09:00:00+02:00,2026-09-27 00:00:00+02:00,2026-09-26 09:00:00+02:00,484.80996073,488.7567474699997,3.946786739999709
Region 10,2026-09-27 10:00:00+02:00,2026-09-27 00:00:00+02:00,2026-09-26 10:00:00+02:00,472.5318282399995,469.7574319700002,-2.774396269999329
Region 10,2026-09-27 11:00:00+02:00,2026-09-27 00:00:00+02:00,2026-09-26 11:00:00+02:00,489.9139066400005,485.84634180999944,-4.067564830001061
Region 10,2026-09-27 12:00:00+02:00,2026-09-27 00:00:00+02:00,2026-09-26 12:00:00+02:00,494.88141242999984,493.5942046599999,-1.2872077699999522
Region 10,2026-09-27 13:00:00+02:00,2026-09-27 00:00:00+02:00,2026-09-26 13:00:00+02:00,502.3271762999993,502.1682296199988,-0.15894668000049705
Region 10,2026-09-27 14:00:00+02:00,2026-09-27 00:00:00+02:00,2026-09-26 14:00:00+02:00,505.72599933999976,501.5502304999998,-4.175768839999932
Region 10,2026-09-27 15:00:00+02:00,2026-09-27 00:00:00+02:00,2026-09-26 15:00:00+02:00,501.34902143999994,500.34818123999884,-1.0008402000011074
Region 10,2026-09-27 16:00:00+02:00,2026-09-27 00:00:00+02:00,2026-09-26 16:00:00+02:00,516.3923064499993,513.6548719900011,-2.7374344599982123
Region 10,2026-09-27 17:00:00+02:00,2026-09-27 00:00:00+02:00,2026-09-26 17:00:00+02:00,551.3406867099998,549.9018126600012,-1.438874049998617
Region 10,2026-09-27 18:00:00+02:00,2026-09-27 00:00:00+02:00,2026-09-26 18:00:00+02:00,579.2591734099996,573.2604068200002,-5.998766589999377
Region 10,2026-09-27 19:00:00+02:00,2026-09-27 00:00:00+02:00,2026-09-26 19:00:00+02:00,564.3821881099992,565.1256460499999,0.7434579400006669
Region 10,2026-09-27 20:00:00+02:00,2026-09-27 00:00:00+02:00,2026-09-26 20:00:00+02:00,511.8773076900006,506.1468292000008,-5.7304784899997685
Region 10,2026-09-27 21:00:00+02:00,2026-09-27 00:00:00+02:00,2026-09-26 21:00:00+02:00,434.8651742100006,439.18335059999987,4.31817638999928
Region 10,2026-09-27 22:00:00+02:00,2026-09-27 00:00:00+02:00,2026-09-26 22:00:00+02:00,373.9302961800004,369.1683561500001,-4.761940030000346
Region 10,2026-09-27 23:00:00+02:00,2026-09-27 00:00:00+02:00,2026-09-26 23:00:00+02:00,340.53283999999974,331.9742094799997,-8.558630520000065
Region 10,2026-09-28 00:00:00+02:00,2026-09-28 00:00:00+02:00,2026-09-27 00:00:00+02:00,399.3176412399996,324.43847343000004,-74.87916780999956
Region 10,2026-09-28 01:00:00+02:00,2026-09-28 00:00:00+02:00,2026-09-27 01:00:00+02:00,395.9620721799999,321.5189667999999,-74.44310538000002
Region 10,2026-09-28 02:00:00+02:00,2026-09-28 00:00:00+02:00,2026-09-27 02:00:00+02:00,402.10934432000016,317.16994655000013,-84.93939777000003
Region 10,2026-09-28 03:00:00+02:00,2026-09-28 00:00:00+02:00,2026-09-27 03:00:00+02:00,411.16678290000004,326.25648448999954,-84.91029841000051
Region 10,2026-09-28 04:00:00+02:00,2026-09-28 00:00:00+02:00,2026-09-27 04:00:00+02:00,421.94127471000013,343.6699577299997,-78.27131698000045
Region 10,2026-09-28 05:00:00+02:00,2026-09-28 00:00:00+02:00,2026-09-27 05:00:00+02:00,480.0159282799991,391.91172099999926,-88.10420727999986
Region 10,2026-09-28 06:00:00+02:00,2026-09-28 00:00:00+02:00,2026-09-27 06:00:00+02:00,556.82717711,458.19140221999976,-98.63577489000022
Region 10,2026-09-28 07:00:00+02:00,2026-09-28 00:00:00+02:00,2026-09-27 07:00:00+02:00,612.1776697100005,496.59653193000037,-115.58113778000012
Region 10,2026-09-28 08:00:00+02:00,2026-09-28 00:00:00+02:00,2026-09-27 08:00:00+02:00,632.7641830699998,510.07993294999983,-122.68425012
Region 10,2026-09-28 09:00:00+02:00,2026-09-28 00:00:00+02:00,2026-09-27 09:00:00+02:00,641.4494547500003,484.80996073,-156.6394940200003
Region 10,2026-09-28 10:00:00+02:00,2026-09-28 00:00:00+02:00,2026-09-27 10:00:00+02:00,659.7508144599999,472.5318282399995,-187.21898622000037
Region 10,2026-09-28 11:00:00+02:00,2026-09-28 00:00:00+02:00,2026-09-27 11:00:00+02:00,698.9870268400005,489.9139066400005,-209.07312019999995
Region 10,2026-09-28 12:00:00+02:00,2026-09-28 00:00:00+02:00,2026-09-27 12:00:00+02:00,734.9764697099981,494.88141242999984,-240.0950572799983
Region 10,2026-09-28 13:00:00+02:00,2026-09-28 00:00:00+02:00,2026-09-27 13:00:00+02:00,743.0345723500005,502.3271762999993,-240.70739605000125
Region 10,2026-09-28 14:00:00+02:00,2026-09-28 00:00:00+02:00,2026-09-27 14:00:00+02:00,722.9434792400007,505.72599933999976,-217.2174799000009
Region 10,2026-09-28 15:00:00+02:00,2026-09-28 00:00:00+02:00,2026-09-27 15:00:00+02:00,691.6246732600005,501.34902143999994,-190.27565182000052
Region 10,2026-09-28 16:00:00+02:00,2026-09-28 00:00:00+02:00,2026-09-27 16:00:00+02:00,680.1895988899995,516.3923064499993,-163.7972924400002
Region 10,2026-09-28 17:00:00+02:00,2026-09-28 00:00:00+02:00,2026-09-27 17:00:00+02:00,684.806352709999,551.3406867099998,-133.46566599999926
Region 10,2026-09-28 18:00:00+02:00,2026-09-28 00:00:00+02:00,2026-09-27 18:00:00+02:00,685.9025016400001,579.2591734099996,-106.64332823000052
Region 10,2026-09-28 19:00:00+02:00,2026-09-28 00:00:00+02:00,2026-09-27 19:00:00+02:00,665.07787226,564.3821881099992,-100.69568415000083
Region 10,2026-09-28 20:00:00+02:00,2026-09-28 00:00:00+02:00,2026-09-27 20:00:00+02:00,602.2861713300013,511.8773076900006,-90.40886364000067
Region 10,2026-09-28 21:00:00+02:00,2026-09-28 00:00:00+02:00,2026-09-27 21:00:00+02:00,521.2171886700006,434.8651742100006,-86.35201446000002
Region 10,2026-09-28 22:00:00+02:00,2026-09-28 00:00:00+02:00,2026-09-27 22:00:00+02:00,464.99012556000014,373.9302961800004,-91.05982937999971
Region 10,2026-09-28 23:00:00+02:00,2026-09-28 00:00:00+02:00,2026-09-27 23:00:00+02:00,426.35641973000037,340.53283999999974,-85.82357973000063
